06/Dec/2018 09:32:29,+000043.2,+000076.0+000022.7,+000131.9+000067.1,+000018.4
06/Dec/2018 10:11:10,+000043.2,+000076.1+000022.7,+000132.0+000067.2,+000018.5
06/Dec/2018 10:13:23,+000043.2,+000076.1+000022.7,+000131.9+000067.1,+000018.4
06/Dec/2018 10:43:25,+000043.2,+000076.1+000022.6,+000131.8+000067.1,+000018.4
06/Dec/2018 11:13:28,+000043.1,+000076.1+000022.7,+000131.9+000067.1,+000018.5
06/Dec/2018 11:43:30,+000043.2,+000076.1+000022.7,+000132.0+000067.1,+000018.5
06/Dec/2018 12:13:32,+000043.2,+000076.1+000022.7,+000132.0+000067.2,+000018.5
06/Dec/2018 12:43:34,+000043.2,+000076.1+000022.7,+000132.0+000067.1,+000018.5
06/Dec/2018 13:13:36,+000043.2,+000076.1+000022.7,+000131.9+000067.1,+000018.5
06/Dec/2018 13:43:39,+000043.2,+000076.1+000022.6,+000131.9+000067.2,+000018.5
06/Dec/2018 14:13:41,+000043.2,+000076.1+000022.7,+000132.0+000067.2,+000018.5
06/Dec/2018 14:43:43,+000043.2,+000076.1+000022.7,+000132.0+000067.2,+000018.6
06/Dec/2018 15:13:45,+000043.1,+000076.1+000022.7,+000132.0+000067.2,+000018.6
06/Dec/2018 15:16:39,+000043.1,+000076.1+000022.7,+000132.0+000067.2,+000018.6
06/Dec/2018 15:31:41,+000043.2,+000076.1+000022.7,+000132.0+000067.2,+000018.6
06/Dec/2018 15:46:43,+000043.1,+000076.1+000022.7,+000132.0+000067.2,+000018.6
06/Dec/2018 16:01:46,+000043.1,+000076.1+000022.7,+000132.0+000067.2,+000018.6
06/Dec/2018 16:16:48,+000043.1,+000076.1+000022.6,+000132.0+000067.2,+000018.6
06/Dec/2018 16:31:50,+000043.1,+000076.1+000022.6,+000132.0+000067.3,+000018.6
06/Dec/2018 16:46:52,+000043.2,+000076.1+000022.6,+000132.0+000067.3,+000018.6
06/Dec/2018 17:01:54,+000043.1,+000076.1+000022.6,+000131.9+000067.2,+000018.6
06/Dec/2018 17:16:57,+000043.1,+000076.1+000022.7,+000132.0+000067.3,+000018.5
06/Dec/2018 17:31:59,+000043.1,+000076.1+000022.6,+000132.0+000067.2,+000018.5
06/Dec/2018 17:47:01,+000043.2,+000076.1+000022.7,+000132.0+000067.2,+000018.5
06/Dec/2018 18:02:03,+000043.1,+000076.1+000022.6,+000132.0+000067.3,+000018.5
06/Dec/2018 18:17:06,+000043.1,+000076.1+000022.6,+000132.0+000067.3,+000018.5
06/Dec/2018 18:32:08,+000043.1,+000076.1+000022.7,+000132.0+000067.3,+000018.5
06/Dec/2018 18:47:10,+000043.2,+000076.1+000022.6,+000132.0+000067.3,+000018.5
06/Dec/2018 19:02:12,+000043.1,+000076.1+000022.7,+000132.0+000067.3,+000018.5
06/Dec/2018 19:17:14,+000043.1,+000076.1+000022.7,+000132.0+000067.3,+000018.5
06/Dec/2018 19:32:17,+000043.1,+000076.1+000022.6,+000132.0+000067.3,+000018.5
06/Dec/2018 19:47:19,+000043.2,+000076.1+000022.7,+000132.0+000067.3,+000018.5
06/Dec/2018 20:02:21,+000043.1,+000076.1+000022.6,+000132.0+000067.3,+000018.5
06/Dec/2018 20:17:23,+000043.1,+000076.1+000022.6,+000132.0+000067.3,+000018.5
06/Dec/2018 20:32:26,+000043.1,+000076.1+000022.6,+000132.0+000067.3,+000018.5
06/Dec/2018 20:47:28,+000043.1,+000076.1+000022.6,+000132.0+000067.3,+000018.5
06/Dec/2018 21:02:30,+000043.1,+000076.1+000022.6,+000132.0+000067.3,+000018.5
06/Dec/2018 21:17:32,+000043.1,+000076.1+000022.6,+000132.0+000067.3,+000018.5
06/Dec/2018 21:32:34,+000043.1,+000076.1+000022.6,+000132.0+000067.2,+000018.5
06/Dec/2018 21:47:37,+000043.1,+000076.1+000022.6,+000132.0+000067.2,+000018.5
06/Dec/2018 22:02:39,+000043.1,+000076.1+000022.6,+000132.0+000067.2,+000018.5
06/Dec/2018 22:13:53,+000043.1,+000076.1+000022.6,+000132.0+000067.2,+000018.5
06/Dec/2018 22:28:55,+000043.1,+000076.1+000022.6,+000132.0+000067.2,+000018.5
06/Dec/2018 22:43:57,+000043.1,+000076.1+000022.6,+000132.0+000067.2,+000018.5
06/Dec/2018 22:58:59,+000043.1,+000076.1+000022.6,+000132.0+000067.3,+000018.5
06/Dec/2018 23:14:01,+000043.1,+000076.1+000022.6,+000132.0+000067.2,+000018.5
06/Dec/2018 23:29:04,+000043.1,+000076.1+000022.6,+000132.0+000067.2,+000018.5
06/Dec/2018 23:44:06,+000043.1,+000076.1+000022.6,+000132.0+000067.3,+000018.5
06/Dec/2018 23:59:08,+000043.1,+000076.1+000022.6,+000131.9+000067.2,+000018.5
07/Dec/2018 00:14:10,+000043.1,+000076.1+000022.6,+000132.0+000067.2,+000018.5
07/Dec/2018 00:29:13,+000043.1,+000076.1+000022.6,+000132.0+000067.2,+000018.5
07/Dec/2018 00:44:15,+000043.1,+000076.1+000022.6,+000131.9+000067.2,+000018.5
07/Dec/2018 00:59:17,+000043.1,+000076.1+000022.6,+000132.0+000067.2,+000018.5
07/Dec/2018 01:14:19,+000043.1,+000076.1+000022.6,+000132.0+000067.3,+000018.5
07/Dec/2018 01:29:21,+000043.1,+000076.1+000022.6,+000132.0+000067.3,+000018.5
07/Dec/2018 01:44:24,+000043.1,+000076.1+000022.6,+000132.0+000067.2,+000018.5
07/Dec/2018 01:59:26,+000043.1,+000076.1+000022.6,+000132.0+000067.3,+000018.5
07/Dec/2018 02:14:28,+000043.1,+000076.1+000022.6,+000132.0+000067.2,+000018.5
07/Dec/2018 02:29:30,+000043.1,+000076.1+000022.6,+000132.0+000067.3,+000018.5
07/Dec/2018 02:44:33,+000043.1,+000076.1+000022.6,+000132.0+000067.2,+000018.5
07/Dec/2018 02:59:35,+000043.1,+000076.1+000022.6,+000132.0+000067.2,+000018.4
07/Dec/2018 03:14:37,+000043.1,+000076.1+000022.6,+000132.0+000067.2,+000018.5
07/Dec/2018 03:29:39,+000043.1,+000076.1+000022.6,+000131.9+000067.3,+000018.5
07/Dec/2018 03:44:42,+000043.1,+000076.1+000022.6,+000132.0+000067.2,+000018.5
07/Dec/2018 03:59:44,+000043.1,+000076.1+000022.6,+000132.0+000067.2,+000018.5
07/Dec/2018 04:14:46,+000043.1,+000076.1+000022.6,+000132.0+000067.3,+000018.4
07/Dec/2018 04:29:48,+000043.1,+000076.1+000022.6,+000131.9+000067.3,+000018.4
07/Dec/2018 04:44:50,+000043.1,+000076.1+000022.6,+000132.0+000067.2,+000018.4
07/Dec/2018 04:59:53,+000043.1,+000076.1+000022.6,+000132.0+000067.2,+000018.4
07/Dec/2018 05:14:55,+000043.1,+000076.1+000022.6,+000132.0+000067.2,+000018.4
07/Dec/2018 05:29:57,+000043.1,+000076.1+000022.6,+000132.0+000067.2,+000018.5
07/Dec/2018 05:44:59,+000043.1,+000076.1+000022.6,+000132.0+000067.2,+000018.5
07/Dec/2018 06:00:01,+000043.1,+000076.1+000022.6,+000132.0+000067.2,+000018.5
07/Dec/2018 06:15:04,+000043.1,+000076.1+000022.6,+000132.0+000067.2,+000018.5
07/Dec/2018 06:30:06,+000043.1,+000076.1+000022.6,+000132.0+000067.2,+000018.5
07/Dec/2018 06:45:08,+000043.1,+000076.1+000022.6,+000132.0+000067.3,+000018.5
07/Dec/2018 07:00:10,+000043.1,+000076.1+000022.6,+000132.0+000067.2,+000018.5
07/Dec/2018 07:15:13,+000043.1,+000076.1+000022.6,+000132.0+000067.2,+000018.5
07/Dec/2018 07:30:15,+000043.1,+000076.1+000022.6,+000132.0+000067.3,+000018.5
07/Dec/2018 07:45:17,+000043.1,+000076.1+000022.5,+000132.0+000067.3,+000018.5
07/Dec/2018 08:00:19,+000043.1,+000076.1+000022.6,+000132.0+000067.3,+000018.5
07/Dec/2018 08:15:22,+000043.1,+000076.1+000022.6,+000132.0+000067.3,+000018.5
07/Dec/2018 08:30:24,+000043.1,+000076.1+000022.6,+000132.0+000067.3,+000018.5
07/Dec/2018 08:45:26,+000043.1,+000076.1+000022.5,+000132.0+000067.3,+000018.5
07/Dec/2018 09:00:28,+000043.1,+000076.1+000022.6,+000132.0+000067.3,+000018.5
07/Dec/2018 09:15:31,+000043.1,+000076.1+000022.6,+000132.0+000067.3,+000018.5
07/Dec/2018 09:30:33,+000043.1,+000076.1+000022.6,+000132.0+000067.2,+000018.5
07/Dec/2018 09:45:35,+000043.1,+000076.2+000022.6,+000132.0+000067.3,+000018.5
07/Dec/2018 10:00:37,+000043.1,+000076.1+000022.6,+000132.0+000067.3,+000018.5
07/Dec/2018 10:15:40,+000043.1,+000076.2+000022.6,+000132.0+000067.3,+000018.5
07/Dec/2018 10:30:42,+000043.1,+000076.2+000022.6,+000132.0+000067.3,+000018.5
07/Dec/2018 10:45:44,+000043.1,+000076.1+000022.6,+000132.0+000067.3,+000018.5
07/Dec/2018 11:00:46,+000043.1,+000076.1+000022.6,+000132.0+000067.3,+000018.5
07/Dec/2018 11:15:48,+000043.1,+000076.1+000022.6,+000132.0+000067.3,+000018.5
07/Dec/2018 11:30:51,+000043.1,+000076.2+000022.6,+000132.0+000067.3,+000018.5
07/Dec/2018 11:45:53,+000043.1,+000076.1+000022.6,+000132.0+000067.3,+000018.5
07/Dec/2018 12:00:55,+000043.1,+000076.1+000022.5,+000132.0+000067.3,+000018.5
07/Dec/2018 12:15:57,+000043.1,+000076.1+000022.5,+000132.0+000067.3,+000018.5
07/Dec/2018 12:31:00,+000043.1,+000076.1+000022.6,+000132.0+000067.3,+000018.5
07/Dec/2018 12:46:02,+000043.1,+000076.1+000022.5,+000132.0+000067.3,+000018.5
07/Dec/2018 13:01:04,+000043.1,+000076.1+000022.6,+000132.0+000067.3,+000018.5
07/Dec/2018 13:16:06,+000043.0,+000076.2+000022.6,+000132.0+000067.3,+000018.5
07/Dec/2018 13:31:09,+000043.1,+000076.2+000022.6,+000132.0+000067.3,+000018.5
07/Dec/2018 13:46:11,+000043.1,+000076.2+000022.6,+000132.0+000067.3,+000018.5
07/Dec/2018 14:01:13,+000043.1,+000076.2+000022.6,+000132.0+000067.3,+000018.5
07/Dec/2018 14:16:15,+000277.9,+000076.1+000022.6,+000132.0+000067.3,+000018.6
07/Dec/2018 14:31:17,+001622.6,+000000.3+000007.4,+000132.0+000067.3,+000000.0
07/Dec/2018 14:46:20,+001623.2,+000000.3+000007.5,+000132.0+000067.3,+000000.0
07/Dec/2018 15:01:22,+001623.2,+000000.3+000007.4,+000132.0+000067.3,+000000.0
07/Dec/2018 15:16:24,+001623.2,+000000.2+000007.4,+000132.0+000067.3,+000000.0
07/Dec/2018 15:31:26,+001623.1,+000000.2+000007.4,+000132.0+000067.3,+000000.0
07/Dec/2018 15:46:28,+001623.1,+000000.2+000007.4,+000132.0+000067.3,+000000.0
07/Dec/2018 16:01:31,+001622.9,+000000.2+000007.4,+000132.0+000067.3,+000000.0
07/Dec/2018 16:16:33,+001622.8,+000000.2+000007.4,+000132.0+000067.3,+000000.0
07/Dec/2018 16:31:35,+001622.8,+000000.3+000007.4,+000132.0+000067.3,+000000.0
07/Dec/2018 16:46:37,+001622.7,+000000.2+000007.4,+000132.0+000067.3,+000000.0
07/Dec/2018 17:01:40,+001622.6,+000000.2+000007.4,+000065.4+000067.3,+000066.6
07/Dec/2018 17:16:42,+001623.8,+000000.2+000007.4,+000065.4+000067.3,+000066.6
07/Dec/2018 17:31:44,+001623.6,+000000.2+000007.4,+000065.4+000067.3,+000066.6
07/Dec/2018 17:46:46,+001623.5,+000000.2+000007.4,+000065.4+000067.3,+000066.6
07/Dec/2018 18:01:48,+001623.3,+000000.2+000007.4,+000065.4+000067.3,+000066.6
07/Dec/2018 18:16:51,+001623.1,+000000.2+000007.5,+000065.4+000067.3,+000066.6
07/Dec/2018 18:31:53,+001623.0,+000000.2+000007.4,+000065.3+000067.3,+000066.6
07/Dec/2018 18:46:55,+001622.9,+000000.2+000007.4,+000065.3+000067.3,+000066.6
07/Dec/2018 19:01:57,+001622.8,+000000.2+000007.4,+000065.4+000067.3,+000066.6
07/Dec/2018 19:16:59,+001622.6,+000000.2+000007.4,+000065.4+000067.3,+000066.6
07/Dec/2018 19:32:02,+001622.5,+000000.2+000007.4,+000065.4+000067.3,+000066.6
07/Dec/2018 19:47:04,+001622.4,+000000.2+000007.4,+000065.4+000067.3,+000066.6
07/Dec/2018 20:02:06,+001622.2,+000000.2+000007.4,+000065.3+000067.3,+000066.6
07/Dec/2018 20:17:08,+001622.1,+000000.2+000007.4,+000065.3+000067.3,+000066.6
07/Dec/2018 20:32:11,+001622.0,+000000.2+000007.4,+000065.4+000067.3,+000066.6
07/Dec/2018 20:47:13,+001621.8,+000000.2+000007.4,+000065.4+000067.3,+000066.6
07/Dec/2018 21:02:15,+001621.7,+000000.2+000007.4,+000065.3+000067.3,+000066.6
07/Dec/2018 21:17:17,+001621.6,+000000.2+000007.4,+000065.4+000067.3,+000066.6
07/Dec/2018 21:32:19,+001621.4,+000000.2+000007.4,+000065.3+000067.3,+000066.5
07/Dec/2018 21:47:22,+001621.3,+000000.2+000007.4,+000065.4+000067.3,+000066.6
07/Dec/2018 22:02:24,+001621.1,+000000.2+000007.4,+000065.3+000067.3,+000066.5
07/Dec/2018 22:13:53,+001621.0,+000000.2+000007.4,+000065.4+000067.3,+000066.6
07/Dec/2018 22:28:55,+001621.0,+000000.2+000007.4,+000065.4+000067.2,+000066.5
07/Dec/2018 22:43:57,+001620.8,+000000.2+000007.4,+000065.3+000067.3,+000066.6
07/Dec/2018 22:59:00,+001620.7,+000000.2+000007.4,+000065.3+000067.2,+000066.6
07/Dec/2018 23:14:02,+001620.6,+000000.1+000007.4,+000065.4+000067.3,+000066.6
07/Dec/2018 23:29:04,+001620.4,+000000.2+000007.4,+000065.3+000067.2,+000066.5
07/Dec/2018 23:44:06,+001620.3,+000000.2+000007.3,+000065.3+000067.2,+000066.5
07/Dec/2018 23:59:09,+001620.2,+000000.1+000007.4,+000065.3+000067.2,+000066.6
08/Dec/2018 00:14:11,+001620.0,+000000.2+000007.4,+000065.3+000067.3,+000066.5
08/Dec/2018 00:29:13,+001619.9,+000000.2+000007.3,+000065.3+000067.2,+000066.5
08/Dec/2018 00:44:15,+001619.8,+000000.2+000007.4,+000065.4+000067.2,+000066.6
08/Dec/2018 00:59:17,+001619.6,+000000.1+000007.4,+000065.3+000067.2,+000066.5
08/Dec/2018 01:14:20,+001619.5,+000000.1+000007.3,+000065.3+000067.2,+000066.6
08/Dec/2018 01:29:22,+001619.3,+000000.2+000007.4,+000065.3+000067.3,+000066.6
08/Dec/2018 01:44:24,+001619.2,+000000.2+000007.4,+000065.3+000067.2,+000066.6
08/Dec/2018 01:59:26,+001619.0,+000000.1+000007.4,+000065.3+000067.3,+000066.6
08/Dec/2018 02:14:28,+001618.9,+000000.1+000007.4,+000065.3+000067.2,+000066.6
08/Dec/2018 02:29:31,+001618.7,+000000.1+000007.4,+000065.3+000067.3,+000066.6
08/Dec/2018 02:44:33,+001618.6,+000000.2+000007.4,+000065.3+000067.3,+000066.6
08/Dec/2018 02:59:35,+001618.4,+000000.1+000007.4,+000065.3+000067.2,+000066.6
08/Dec/2018 03:14:37,+001618.3,+000000.1+000007.4,+000065.3+000067.3,+000066.6
08/Dec/2018 03:29:40,+001618.1,+000000.1+000007.4,+000065.3+000067.3,+000066.6
08/Dec/2018 03:44:42,+001618.0,+000000.2+000007.4,+000065.3+000067.2,+000066.6
08/Dec/2018 03:59:44,+001617.8,+000000.1+000007.4,+000065.3+000067.2,+000066.6
08/Dec/2018 04:14:46,+001617.7,+000000.1+000007.3,+000065.3+000067.3,+000066.6
08/Dec/2018 04:29:48,+001617.5,+000000.2+000007.4,+000065.3+000067.3,+000066.6
08/Dec/2018 04:44:51,+001617.4,+000000.1+000007.4,+000065.3+000067.3,+000066.6
08/Dec/2018 04:59:53,+001617.3,+000000.1+000007.4,+000065.3+000067.2,+000066.6
08/Dec/2018 05:14:55,+001617.1,+000000.1+000007.4,+000065.3+000067.2,+000066.6
08/Dec/2018 05:29:57,+001616.9,+000000.1+000007.4,+000065.3+000067.2,+000066.5
08/Dec/2018 05:45:00,+001616.8,+000000.1+000007.3,+000065.3+000067.2,+000066.6
08/Dec/2018 06:00:02,+001616.6,+000000.2+000007.3,+000065.3+000067.3,+000066.6
08/Dec/2018 06:15:04,+001616.5,+000000.2+000007.3,+000065.3+000067.3,+000066.6
08/Dec/2018 06:30:06,+001616.3,+000000.2+000007.4,+000065.3+000067.2,+000066.6
08/Dec/2018 06:45:08,+001616.2,+000000.1+000007.4,+000065.3+000067.3,+000066.6
08/Dec/2018 07:00:11,+001616.0,+000000.1+000007.4,+000065.3+000067.2,+000066.6
08/Dec/2018 07:15:13,+001615.9,+000000.1+000007.4,+000065.3+000067.2,+000066.6
08/Dec/2018 07:30:15,+001615.7,+000000.2+000007.3,+000065.3+000067.2,+000066.5
08/Dec/2018 07:45:17,+001615.6,+000000.1+000007.3,+000065.3+000067.2,+000066.6
08/Dec/2018 08:00:19,+001615.4,+000000.1+000007.4,+000065.3+000067.2,+000066.5
08/Dec/2018 08:15:22,+001615.3,+000000.1+000007.3,+000065.3+000067.2,+000066.6
08/Dec/2018 08:30:24,+001615.1,+000000.1+000007.3,+000065.3+000067.2,+000066.6
08/Dec/2018 08:45:26,+001615.0,+000000.1+000007.3,+000065.3+000067.2,+000066.5
08/Dec/2018 09:00:28,+001614.8,+000000.1+000007.4,+000065.3+000067.2,+000066.5
08/Dec/2018 09:15:30,+001614.7,+000000.1+000007.3,+000065.3+000067.2,+000066.5
08/Dec/2018 09:30:33,+001614.5,+000000.1+000007.4,+000065.3+000067.2,+000066.5
08/Dec/2018 09:45:35,+001614.4,+000000.1+000007.3,+000065.3+000067.2,+000066.5
08/Dec/2018 10:00:37,+001614.2,+000000.1+000007.3,+000065.3+000067.2,+000066.6
08/Dec/2018 10:15:39,+001614.1,+000000.1+000007.4,+000065.3+000067.2,+000066.6
08/Dec/2018 10:30:41,+001613.9,+000000.1+000007.4,+000065.3+000067.2,+000066.6
08/Dec/2018 10:45:44,+001613.7,+000000.1+000007.4,+000065.3+000067.2,+000066.6
08/Dec/2018 11:00:46,+001613.6,+000000.2+000007.3,+000065.3+000067.2,+000066.6
08/Dec/2018 11:15:48,+001613.4,+000000.1+000007.3,+000065.3+000067.2,+000066.6
08/Dec/2018 11:30:50,+001613.3,+000000.1+000007.4,+000065.3+000067.2,+000066.6
08/Dec/2018 11:45:53,+001613.1,+000000.1+000007.3,+000065.3+000067.2,+000066.6
08/Dec/2018 12:00:55,+001613.0,+000000.2+000007.4,+000065.3+000067.3,+000066.6
08/Dec/2018 12:15:57,+001612.8,+000000.1+000007.4,+000065.3+000067.2,+000066.6
08/Dec/2018 12:30:59,+001612.6,+000000.2+000007.3,+000065.3+000067.2,+000066.6
08/Dec/2018 12:46:01,+001612.5,+000000.1+000007.3,+000065.3+000067.2,+000066.6
08/Dec/2018 13:01:04,+001612.4,+000000.2+000007.4,+000065.3+000067.3,+000066.6
08/Dec/2018 13:16:06,+001612.2,+000000.2+000007.3,+000065.3+000067.3,+000066.6
08/Dec/2018 13:31:08,+001612.0,+000000.2+000007.3,+000065.3+000067.2,+000066.6
08/Dec/2018 13:46:10,+001611.8,+000000.2+000007.3,+000065.3+000067.2,+000066.6
08/Dec/2018 14:01:13,+001611.6,+000000.1+000007.3,+000065.3+000067.2,+000066.6
08/Dec/2018 14:16:15,+001611.5,+000000.2+000007.3,+000065.3+000067.2,+000066.6
08/Dec/2018 14:31:17,+001611.3,+000000.1+000007.3,+000065.4+000067.2,+000066.6
08/Dec/2018 14:46:19,+001611.2,+000000.1+000007.4,+000065.3+000067.2,+000066.6
08/Dec/2018 15:01:21,+001611.0,+000000.2+000007.4,+000065.3+000067.2,+000066.6
08/Dec/2018 15:16:24,+001610.8,+000000.1+000007.3,+000065.3+000067.2,+000066.6
08/Dec/2018 15:31:26,+001610.7,+000000.1+000007.3,+000065.3+000067.3,+000066.6
08/Dec/2018 15:46:28,+001610.5,+000000.1+000007.3,+000065.3+000067.3,+000066.6
08/Dec/2018 16:01:30,+001610.4,+000000.1+000007.4,+000065.3+000067.3,+000066.6
08/Dec/2018 16:16:33,+001610.3,+000000.1+000007.3,+000065.3+000067.2,+000066.6
08/Dec/2018 16:31:35,+001610.1,+000000.1+000007.3,+000065.3+000067.2,+000066.6
08/Dec/2018 16:46:37,+001610.0,+000000.1+000007.3,+000065.3+000067.2,+000066.6
08/Dec/2018 17:01:39,+001609.8,+000000.1+000007.3,+000065.3+000067.2,+000066.6
08/Dec/2018 17:16:41,+001609.7,+000000.1+000007.3,+000065.3+000067.3,+000066.6
08/Dec/2018 17:31:44,+001609.6,+000000.1+000007.3,+000065.3+000067.2,+000066.6
08/Dec/2018 17:46:46,+001609.4,+000000.1+000007.3,+000065.3+000067.2,+000066.6
08/Dec/2018 18:01:48,+001609.2,+000000.1+000007.3,+000065.3+000067.2,+000066.6
08/Dec/2018 18:16:50,+001609.1,+000000.1+000007.3,+000065.3+000067.2,+000066.6
08/Dec/2018 18:31:53,+001609.0,+000000.1+000007.3,+000065.3+000067.2,+000066.6
08/Dec/2018 18:46:55,+001608.8,+000000.1+000007.3,+000065.3+000067.2,+000066.6
08/Dec/2018 19:01:57,+001608.7,+000000.2+000007.3,+000065.3+000067.2,+000066.6
08/Dec/2018 19:16:59,+001608.6,+000000.1+000007.3,+000065.4+000067.2,+000066.6
08/Dec/2018 19:32:01,+001608.4,+000000.2+000007.3,+000065.3+000067.2,+000066.6
08/Dec/2018 19:47:04,+001608.3,+000000.1+000007.3,+000065.3+000067.2,+000066.6
08/Dec/2018 20:02:06,+001608.1,+000000.1+000007.3,+000065.3+000067.2,+000066.6
08/Dec/2018 20:17:08,+001608.0,+000000.1+000007.3,+000065.3+000067.2,+000066.6
08/Dec/2018 20:32:10,+001607.9,+000000.2+000007.3,+000065.3+000067.2,+000066.6
08/Dec/2018 20:47:12,+001607.7,+000000.1+000007.3,+000065.3+000067.2,+000066.6
08/Dec/2018 21:02:15,+001607.6,+000000.1+000007.3,+000065.3+000067.1,+000066.6
08/Dec/2018 21:17:17,+001607.4,+000000.1+000007.4,+000065.3+000067.2,+000066.6
08/Dec/2018 21:32:19,+001607.3,+000000.1+000007.3,+000065.3+000067.2,+000066.6
08/Dec/2018 21:47:21,+001607.2,+000000.2+000007.3,+000065.3+000067.2,+000066.6
08/Dec/2018 22:02:24,+001607.1,+000000.1+000007.3,+000065.3+000067.2,+000066.5
08/Dec/2018 22:13:53,+001606.8,+000000.1+000007.3,+000065.3+000067.2,+000066.5
08/Dec/2018 22:28:55,+001606.8,+000000.1+000007.3,+000065.3+000067.2,+000066.5
08/Dec/2018 22:43:57,+001606.7,+000000.2+000007.3,+000065.3+000067.2,+000066.5
08/Dec/2018 22:58:59,+001606.6,+000000.1+000007.3,+000065.3+000067.2,+000066.5
08/Dec/2018 23:14:02,+001606.4,+000000.2+000007.3,+000065.3+000067.2,+000066.5
08/Dec/2018 23:29:04,+001606.3,+000000.1+000007.3,+000065.3+000067.2,+000066.6
08/Dec/2018 23:44:06,+001606.1,+000000.1+000007.3,+000065.3+000067.2,+000066.6
08/Dec/2018 23:59:08,+001606.0,+000000.1+000007.3,+000065.3+000067.1,+000066.5
09/Dec/2018 00:14:10,+001605.9,+000000.1+000007.3,+000065.3+000067.1,+000066.5
09/Dec/2018 00:29:13,+001605.8,+000000.1+000007.3,+000065.3+000067.1,+000066.5
09/Dec/2018 00:44:15,+001605.6,+000000.1+000007.3,+000065.3+000067.2,+000066.5
09/Dec/2018 00:59:17,+001605.5,+000000.1+000007.3,+000065.3+000067.1,+000066.5
09/Dec/2018 01:14:19,+001605.4,+000000.1+000007.3,+000065.3+000067.1,+000066.5
09/Dec/2018 01:29:22,+001605.3,+000000.1+000007.3,+000065.3+000067.1,+000066.5
09/Dec/2018 01:44:24,+001605.1,+000000.1+000007.3,+000065.3+000067.2,+000066.5
09/Dec/2018 01:59:26,+001605.0,+000000.1+000007.3,+000065.3+000067.1,+000066.5
09/Dec/2018 02:14:28,+001604.8,+000000.1+000007.3,+000065.3+000067.1,+000066.5
09/Dec/2018 02:29:30,+001604.7,+000000.1+000007.3,+000065.3+000067.1,+000066.5
09/Dec/2018 02:44:33,+001604.6,+000000.1+000007.3,+000065.3+000067.1,+000066.5
09/Dec/2018 02:59:35,+001604.5,+000000.1+000007.3,+000065.3+000067.1,+000066.5
09/Dec/2018 03:14:37,+001604.4,+000000.1+000007.3,+000065.3+000067.1,+000066.5
09/Dec/2018 03:29:39,+001604.2,+000000.1+000007.3,+000065.3+000067.1,+000066.5
09/Dec/2018 03:44:41,+001604.1,+000000.1+000007.3,+000065.3+000067.1,+000066.5
09/Dec/2018 03:59:43,+001603.9,+000000.1+000007.3,+000065.3+000067.1,+000066.5
09/Dec/2018 04:14:46,+001603.8,+000000.1+000007.3,+000065.3+000067.1,+000066.5
09/Dec/2018 04:29:48,+001603.7,+000000.1+000007.3,+000065.3+000067.1,+000066.5
09/Dec/2018 04:44:50,+001603.5,+000000.1+000007.3,+000065.2+000067.1,+000066.5
09/Dec/2018 04:59:52,+001603.4,+000000.1+000007.3,+000065.3+000067.1,+000066.5
09/Dec/2018 05:14:55,+001603.3,+000000.1+000007.3,+000065.3+000067.1,+000066.5
09/Dec/2018 05:29:57,+001603.2,+000000.1+000007.3,+000065.3+000067.1,+000066.5
09/Dec/2018 05:44:59,+001603.0,+000000.1+000007.3,+000065.3+000067.1,+000066.5
09/Dec/2018 06:00:01,+001602.9,+000000.1+000007.3,+000065.3+000067.1,+000066.5
09/Dec/2018 06:15:03,+001602.8,+000000.1+000007.3,+000065.3+000067.1,+000066.5
09/Dec/2018 06:30:06,+001602.7,+000000.1+000007.3,+000065.3+000067.0,+000066.5
09/Dec/2018 06:45:08,+001602.6,+000000.1+000007.3,+000065.3+000067.1,+000066.5
09/Dec/2018 07:00:10,+001602.4,+000000.1+000007.3,+000065.3+000067.1,+000066.5
09/Dec/2018 07:15:12,+001602.3,+000000.1+000007.3,+000065.3+000067.0,+000066.5
09/Dec/2018 07:30:14,+001602.2,+000000.0+000007.3,+000065.3+000067.0,+000066.5
09/Dec/2018 07:45:17,+001602.1,+000000.0+000007.3,+000065.3+000067.1,+000066.5
09/Dec/2018 08:00:19,+001601.9,+000000.0+000007.3,+000065.2+000067.1,+000066.5
09/Dec/2018 08:15:21,+001601.8,+000000.0+000007.3,+000065.3+000067.0,+000066.5
09/Dec/2018 08:30:23,+001601.7,+000000.0+000007.3,+000065.3+000067.1,+000066.5
09/Dec/2018 08:45:25,+001601.6,+000000.0+000007.3,+000065.3+000067.0,+000066.5
09/Dec/2018 09:00:28,+001601.4,+000000.0+000007.3,+000065.3+000067.0,+000066.5
09/Dec/2018 09:15:30,+001601.2,+000000.0+000007.3,+000065.3+000067.1,+000066.5
09/Dec/2018 09:30:32,+001601.2,+000000.0+000007.3,+000065.3+000067.0,+000066.5
09/Dec/2018 09:45:34,+001601.0,+000000.0+000007.3,+000065.3+000067.0,+000066.5
09/Dec/2018 10:00:36,+001600.9,+000000.0+000007.3,+000065.3+000067.1,+000066.5
09/Dec/2018 10:15:39,+001600.7,+000000.0+000007.3,+000065.2+000067.0,+000066.5
09/Dec/2018 10:30:41,+001600.5,+000000.0+000007.3,+000065.3+000067.1,+000066.5
09/Dec/2018 10:45:43,+001600.4,+000000.0+000007.3,+000065.2+000067.1,+000066.5
09/Dec/2018 11:00:45,+001600.3,+000000.0+000007.3,+000065.3+000067.0,+000066.6
09/Dec/2018 11:15:47,+001600.1,+000000.0+000007.3,+000065.3+000067.0,+000066.6
09/Dec/2018 11:30:50,+001599.9,+000000.0+000007.3,+000065.3+000067.1,+000066.5
09/Dec/2018 11:45:52,+001599.9,+000000.0+000007.3,+000065.3+000067.1,+000066.6
09/Dec/2018 12:00:54,+001599.7,+000000.0+000007.3,+000065.3+000067.1,+000066.6
09/Dec/2018 12:15:56,+001599.6,+000000.0+000007.3,+000065.3+000067.1,+000066.5
09/Dec/2018 12:30:59,+001599.4,+000000.0+000007.3,+000065.3+000067.1,+000066.6
09/Dec/2018 12:46:01,+001599.2,+000000.0+000007.3,+000065.2+000067.1,+000066.6
09/Dec/2018 13:01:03,+001599.1,+000000.0+000007.3,+000065.3+000067.1,+000066.6
09/Dec/2018 13:16:05,+001598.9,+000000.0+000007.3,+000065.3+000067.1,+000066.6
09/Dec/2018 13:31:07,+001598.7,+000000.0+000007.3,+000065.3+000067.1,+000066.6
09/Dec/2018 13:46:10,+001598.6,+000000.0+000007.3,+000065.3+000067.1,+000066.6
09/Dec/2018 14:01:12,+001598.4,+000000.0+000007.3,+000065.3+000067.1,+000066.6
09/Dec/2018 14:16:14,+001598.3,+000000.0+000007.3,+000065.3+000067.1,+000066.6
09/Dec/2018 14:31:16,+001598.2,+000000.0+000007.3,+000065.3+000067.1,+000066.6
09/Dec/2018 14:46:18,+001598.0,+000000.0+000007.3,+000065.3+000067.1,+000066.6
09/Dec/2018 15:01:20,+001597.8,+000000.0+000007.3,+000065.3+000067.1,+000066.6
09/Dec/2018 15:16:23,+001597.7,+000000.0+000007.3,+000065.2+000067.1,+000066.6
09/Dec/2018 15:31:25,+001597.5,+000000.0+000007.3,+000065.3+000067.1,+000066.6
09/Dec/2018 15:46:27,+001597.4,+000000.0+000007.3,+000065.3+000067.1,+000066.6
09/Dec/2018 16:01:29,+001597.2,+000000.0+000007.3,+000065.3+000067.1,+000066.6
09/Dec/2018 16:16:31,+001597.1,+000000.0+000007.3,+000065.3+000067.1,+000066.6
09/Dec/2018 16:31:34,+001596.9,+000000.0+000007.3,+000065.3+000067.1,+000066.6
09/Dec/2018 16:46:36,+001596.8,+000000.0+000007.3,+000065.3+000067.1,+000066.6
09/Dec/2018 17:01:38,+001596.6,+000000.0+000007.3,+000065.3+000067.1,+000066.6
09/Dec/2018 17:16:40,+001596.5,+000000.0+000007.3,+000065.3+000067.1,+000066.6
09/Dec/2018 17:31:42,+001596.3,+000000.0+000007.3,+000065.3+000067.1,+000066.6
09/Dec/2018 17:46:44,+001596.2,+000000.0+000007.3,+000065.3+000067.1,+000066.6
09/Dec/2018 18:01:47,+001596.0,+000000.0+000007.3,+000065.3+000067.1,+000066.6
09/Dec/2018 18:16:49,+001595.8,+000000.0+000007.3,+000065.3+000067.1,+000066.6
09/Dec/2018 18:31:51,+001595.7,+000000.0+000007.3,+000065.3+000067.1,+000066.6
09/Dec/2018 18:46:53,+001595.5,+000000.0+000007.3,+000065.3+000067.1,+000066.6
09/Dec/2018 19:01:56,+001595.4,+000000.0+000007.3,+000065.3+000067.1,+000066.6
09/Dec/2018 19:16:58,+001595.2,+000000.0+000007.3,+000065.3+000067.1,+000066.6
09/Dec/2018 19:32:00,+001595.1,+000000.0+000007.3,+000065.3+000067.1,+000066.6
09/Dec/2018 19:47:02,+001594.9,+000000.0+000007.3,+000065.3+000067.1,+000066.6
09/Dec/2018 20:02:04,+001594.8,+000000.0+000007.3,+000065.3+000067.1,+000066.6
09/Dec/2018 20:17:06,+001594.7,+000000.0+000007.3,+000065.3+000067.1,+000066.6
09/Dec/2018 20:32:09,+001594.5,+000000.0+000007.3,+000065.3+000067.1,+000066.6
09/Dec/2018 20:47:11,+001594.4,+000000.0+000007.3,+000065.2+000067.1,+000066.5
09/Dec/2018 21:02:13,+001594.2,+000000.0+000007.3,+000065.3+000067.1,+000066.5
09/Dec/2018 21:17:15,+001594.1,+000000.0+000007.3,+000065.3+000067.1,+000066.5
09/Dec/2018 21:32:17,+001594.0,+000000.0+000007.3,+000065.2+000067.1,+000066.5
09/Dec/2018 21:47:20,+001593.9,+000000.0+000007.3,+000065.3+000067.1,+000066.5
09/Dec/2018 22:02:22,+001593.7,+000000.0+000007.3,+000065.3+000067.1,+000066.5
09/Dec/2018 22:13:53,+001593.5,+000000.0+000007.3,+000065.3+000067.1,+000066.5
09/Dec/2018 22:28:55,+001593.5,+000000.0+000007.3,+000065.3+000067.1,+000066.5
09/Dec/2018 22:43:57,+001593.3,+000000.0+000007.3,+000065.3+000067.1,+000066.5
09/Dec/2018 22:59:00,+001593.2,+000000.0+000007.3,+000065.3+000067.1,+000066.5
09/Dec/2018 23:14:02,+001593.0,+000000.0+000007.3,+000065.3+000067.1,+000066.5
09/Dec/2018 23:29:04,+001592.9,+000000.0+000007.3,+000065.3+000067.1,+000066.5
09/Dec/2018 23:44:06,+001592.8,+000000.0+000007.3,+000065.3+000067.1,+000066.5
09/Dec/2018 23:59:08,+001592.7,+000000.0+000007.3,+000065.3+000067.1,+000066.5
10/Dec/2018 00:14:11,+001592.6,+000000.0+000007.3,+000065.3+000067.1,+000066.5
10/Dec/2018 00:29:13,+001592.4,+000000.0+000007.3,+000065.3+000067.1,+000066.5
10/Dec/2018 00:44:15,+001592.3,+000000.0+000007.3,+000065.2+000067.0,+000066.5
10/Dec/2018 00:59:17,+001592.1,+000000.0+000007.3,+000065.3+000067.1,+000066.5
10/Dec/2018 01:14:19,+001592.0,+000000.0+000007.3,+000065.2+000067.1,+000066.5
10/Dec/2018 01:29:22,+001591.9,+000000.0+000007.3,+000065.2+000067.0,+000066.5
10/Dec/2018 01:44:24,+001591.7,+000000.0+000007.3,+000065.3+000067.0,+000066.5
10/Dec/2018 01:59:26,+001591.6,+000000.0+000007.3,+000065.3+000067.0,+000066.5
10/Dec/2018 02:14:28,+001591.4,+000000.0+000007.3,+000065.2+000067.0,+000066.5
10/Dec/2018 02:29:31,+001591.3,+000000.0+000007.3,+000065.2+000067.0,+000066.5
10/Dec/2018 02:44:33,+001591.2,+000000.0+000007.3,+000065.2+000067.0,+000066.5
10/Dec/2018 02:59:35,+001591.0,+000000.0+000007.3,+000065.2+000067.0,+000066.5
10/Dec/2018 03:14:37,+001590.9,+000000.0+000007.3,+000065.2+000067.0,+000066.5
10/Dec/2018 03:29:40,+001590.7,+000000.0+000007.3,+000065.2+000067.0,+000066.5
10/Dec/2018 03:44:42,+001590.6,+000000.0+000007.3,+000065.3+000067.0,+000066.5
10/Dec/2018 03:59:44,+001590.5,+000000.0+000007.3,+000065.2+000067.1,+000066.5
10/Dec/2018 04:14:46,+001590.4,+000000.0+000007.2,+000065.2+000067.0,+000066.5
10/Dec/2018 04:29:48,+001590.2,+000000.0+000007.3,+000065.2+000067.0,+000066.5
10/Dec/2018 04:44:51,+001590.1,+000000.0+000007.3,+000065.2+000067.0,+000066.5
10/Dec/2018 04:59:53,+001590.0,+000000.0+000007.3,+000065.2+000067.0,+000066.5
10/Dec/2018 05:14:55,+001589.9,+000000.0+000007.3,+000065.2+000067.0,+000066.5
10/Dec/2018 05:29:57,+001589.7,+000000.0+000007.3,+000065.3+000067.0,+000066.5
10/Dec/2018 05:45:00,+001589.6,+000000.0+000007.3,+000065.2+000067.0,+000066.5
10/Dec/2018 06:00:02,+001589.4,+000000.0+000007.2,+000065.2+000067.0,+000066.5
10/Dec/2018 06:15:04,+001589.3,+000000.0+000007.3,+000065.3+000067.0,+000066.5
10/Dec/2018 06:30:06,+001589.2,+000000.0+000007.2,+000065.2+000067.0,+000066.5
10/Dec/2018 06:45:08,+001589.1,+000000.0+000007.3,+000065.2+000067.0,+000066.4
10/Dec/2018 07:00:11,+001588.9,+000000.0+000007.3,+000065.2+000067.0,+000066.4
10/Dec/2018 07:15:13,+001588.8,+000000.0+000007.3,+000065.3+000067.0,+000066.5
10/Dec/2018 07:30:15,+001588.7,+000000.0+000007.3,+000065.2+000067.0,+000066.5
10/Dec/2018 07:45:17,+001588.6,+000000.0+000007.3,+000065.2+000067.0,+000066.5
10/Dec/2018 08:00:20,+001588.4,+000000.0+000007.3,+000065.2+000067.0,+000066.5
10/Dec/2018 08:15:22,+001588.3,+000000.0+000007.3,+000065.3+000067.0,+000066.5
10/Dec/2018 08:30:24,+001588.1,+000000.0+000007.2,+000065.3+000067.0,+000066.5
10/Dec/2018 08:45:26,+001588.0,+000000.0+000007.3,+000065.2+000067.0,+000066.5
10/Dec/2018 09:00:28,+001587.8,+000000.0+000007.3,+000065.3+000067.0,+000066.5
10/Dec/2018 09:15:31,+001587.7,+000000.0+000007.3,+000065.2+000067.0,+000066.5
10/Dec/2018 09:30:33,+001587.5,+000000.0+000007.2,+000065.3+000067.0,+000066.5
10/Dec/2018 09:45:35,+001587.3,+000000.0+000007.3,+000065.3+000067.0,+000066.6
10/Dec/2018 10:00:37,+001587.1,+000000.0+000007.3,+000065.3+000067.0,+000066.6
10/Dec/2018 10:15:40,+001586.9,+000000.0+000007.3,+000065.3+000067.1,+000066.6
10/Dec/2018 10:30:42,+001586.7,+000000.0+000007.3,+000065.3+000067.0,+000066.6
10/Dec/2018 10:45:44,+001586.5,+000000.0+000007.3,+000065.3+000067.1,+000066.6
10/Dec/2018 11:00:46,+001586.3,+000000.0+000007.3,+000065.3+000067.0,+000066.6
10/Dec/2018 11:15:49,+001586.1,+000000.0+000007.3,+000065.3+000067.1,+000066.6
10/Dec/2018 11:30:51,+001586.0,+000000.0+000007.3,+000065.3+000067.0,+000066.7
10/Dec/2018 11:45:53,+001585.8,+000000.0+000007.2,+000065.3+000067.1,+000066.7
10/Dec/2018 12:00:55,+001585.9,+000000.0+000072.5,+000000.1+000067.1,+000066.7
10/Dec/2018 12:15:57,+001585.7,+000000.0+000072.5,+000000.0+000067.1,+000066.7
10/Dec/2018 12:30:59,+001585.4,+000000.0+000072.5,+000000.0+000067.1,+000066.7
10/Dec/2018 12:46:02,+001585.2,+000000.0+000072.6,+000000.0+000067.1,+000066.7
10/Dec/2018 13:01:04,+001585.1,+000000.0+000072.5,+000000.0+000067.1,+000066.7
10/Dec/2018 13:16:06,+001584.9,+000000.0+000072.5,+000000.0+000067.1,+000066.7
10/Dec/2018 13:31:08,+001584.7,+000000.0+000072.6,+000000.0+000067.1,+000066.7
10/Dec/2018 13:46:10,+001584.6,+000000.0+000072.5,+000000.0+000067.1,+000066.7
10/Dec/2018 14:03:43,+001584.4,+000000.0+000072.6,+000000.0+000067.1,+000066.7
10/Dec/2018 14:21:15,+001584.1,+000000.0+000072.6,+000000.0+000067.1,+000066.7
10/Dec/2018 14:38:47,+001584.0,-000000.1+000072.6,+000000.0+000067.1,+000066.7
10/Dec/2018 14:56:20,+001583.7,+000000.0+000072.5,+000000.0+000067.1,+000066.7
10/Dec/2018 15:14:00,+001583.4,+000000.0+000072.5,+000000.0+000067.1,+000066.7
10/Dec/2018 15:29:02,+001583.4,+000000.0+000072.5,+000000.0+000067.1,+000066.7
10/Dec/2018 15:44:05,+001583.2,+000000.0+000072.6,+000000.0+000067.1,+000066.7
10/Dec/2018 15:59:07,+001583.1,+000000.0+000072.6,+000000.0+000067.1,+000066.7
10/Dec/2018 16:14:09,+001582.9,+000000.0+000072.6,+000000.0+000067.1,+000066.7
10/Dec/2018 16:29:11,+001582.8,+000000.0+000072.6,+000000.0+000067.1,+000066.7
10/Dec/2018 16:44:14,+001582.6,+000000.0+000072.6,+000000.0+000067.2,+000066.7
10/Dec/2018 16:59:16,+001582.4,+000000.0+000072.6,+000000.0+000067.1,+000066.6
10/Dec/2018 17:14:18,+001582.3,+000000.0+000072.5,+000000.0+000067.1,+000066.6
10/Dec/2018 17:29:20,+001582.1,+000000.0+000072.5,+000000.0+000067.1,+000066.6
10/Dec/2018 17:44:22,+001582.0,+000000.0+000072.6,+000000.0+000067.1,+000066.6
10/Dec/2018 17:59:25,+001581.8,+000000.0+000072.6,+000000.0+000067.1,+000066.6
10/Dec/2018 18:14:27,+001581.7,+000000.0+000072.6,+000000.0+000067.1,+000066.6
10/Dec/2018 18:29:29,+001581.6,+000000.0+000072.6,+000000.0+000067.1,+000066.6
10/Dec/2018 18:44:31,+001581.4,+000000.0+000072.5,+000000.0+000067.1,+000066.6
10/Dec/2018 18:59:34,+001581.2,+000000.0+000072.6,+000000.0+000067.1,+000066.6
10/Dec/2018 19:14:36,+001581.1,+000000.0+000072.5,+000000.0+000067.1,+000066.5
10/Dec/2018 19:29:38,+001580.9,+000000.0+000072.5,+000000.0+000067.1,+000066.6
10/Dec/2018 19:44:40,+001580.8,+000000.0+000072.5,+000000.0+000067.1,+000066.6
10/Dec/2018 19:59:42,+001580.7,+000000.0+000072.5,+000000.0+000067.1,+000066.5
10/Dec/2018 20:14:45,+001580.6,+000000.0+000072.5,+000000.0+000067.1,+000066.5
10/Dec/2018 20:29:47,+001580.4,+000000.0+000072.5,+000000.0+000067.1,+000066.6
10/Dec/2018 20:44:49,+001580.3,+000000.0+000072.5,+000000.0+000067.1,+000066.5
10/Dec/2018 20:59:51,+001580.1,+000000.0+000072.5,+000000.0+000067.1,+000066.5
10/Dec/2018 21:14:54,+001580.0,+000000.0+000072.5,+000000.0+000067.1,+000066.5
10/Dec/2018 21:29:56,+001579.9,+000000.0+000072.5,+000000.0+000067.1,+000066.5
10/Dec/2018 21:44:58,+001579.8,+000000.0+000072.5,+000000.0+000067.1,+000066.5
10/Dec/2018 22:00:00,+001579.6,+000000.0+000072.5,+000000.0+000067.1,+000066.5
10/Dec/2018 22:13:53,+001579.3,+000000.0+000072.5,+000000.0+000067.1,+000066.5
10/Dec/2018 22:28:55,+001579.3,+000000.0+000072.5,+000000.0+000067.1,+000066.5
10/Dec/2018 22:43:57,+001579.2,+000000.0+000072.5,+000000.0+000067.1,+000066.5
10/Dec/2018 22:59:00,+001579.0,+000000.0+000072.5,+000000.0+000067.1,+000066.5
10/Dec/2018 23:14:02,+001578.9,+000000.0+000072.5,+000000.0+000067.1,+000066.5
10/Dec/2018 23:29:04,+001578.8,+000000.0+000072.5,+000000.0+000067.1,+000066.5
10/Dec/2018 23:44:06,+001578.6,+000000.0+000072.5,+000000.0+000067.1,+000066.5
10/Dec/2018 23:59:08,+001578.4,+000000.0+000072.5,+000000.0+000067.1,+000066.5
11/Dec/2018 00:14:11,+001578.1,+000000.0+000072.5,+000000.0+000067.1,+000066.5
11/Dec/2018 00:29:13,+001577.9,+000000.0+000072.5,+000000.0+000067.0,+000066.5
11/Dec/2018 00:44:15,+001577.7,+000000.0+000072.5,+000000.0+000067.1,+000066.5
11/Dec/2018 00:59:17,+001577.5,+000000.0+000072.5,+000000.0+000067.0,+000066.5
11/Dec/2018 01:14:20,+001577.3,+000000.0+000072.5,+000000.0+000067.0,+000066.5
11/Dec/2018 01:29:22,+001577.1,+000000.0+000072.5,+000000.0+000067.0,+000066.5
11/Dec/2018 01:44:24,+001576.9,+000000.0+000072.5,+000000.0+000067.0,+000066.5
11/Dec/2018 01:59:26,+001576.7,+000000.0+000072.5,+000000.0+000067.0,+000066.5
11/Dec/2018 02:14:28,+001576.5,+000000.0+000072.5,+000000.0+000067.1,+000066.5
11/Dec/2018 02:29:31,+001576.4,+000000.0+000072.5,+000000.0+000067.0,+000066.5
11/Dec/2018 02:44:33,+001576.2,+000000.0+000072.5,+000000.0+000067.0,+000066.5
11/Dec/2018 02:59:35,+001575.9,+000000.0+000072.5,+000000.0+000067.0,+000066.5
11/Dec/2018 03:14:37,+001575.8,+000000.0+000072.5,+000000.0+000067.0,+000066.5
11/Dec/2018 03:29:39,+001575.7,+000000.0+000072.5,+000000.0+000067.0,+000066.5
11/Dec/2018 03:44:42,+001575.4,+000000.0+000072.5,+000000.0+000067.0,+000066.5
11/Dec/2018 03:59:44,+001575.3,+000000.0+000072.5,+000000.0+000067.0,+000066.5
11/Dec/2018 04:14:46,+001575.1,+000000.0+000072.5,+000000.0+000067.0,+000066.5
11/Dec/2018 04:29:48,+001574.9,+000000.0+000072.5,+000000.0+000067.0,+000066.5
11/Dec/2018 04:44:51,+001574.8,+000000.0+000072.5,+000000.0+000067.0,+000066.5
11/Dec/2018 04:59:53,+001574.6,+000000.0+000072.5,+000000.0+000067.0,+000066.5
11/Dec/2018 05:14:55,+001574.4,+000000.0+000072.5,+000000.0+000067.0,+000066.5
11/Dec/2018 05:29:57,+001574.3,+000000.0+000072.5,+000000.0+000067.0,+000066.5
11/Dec/2018 05:45:00,+001574.1,+000000.0+000072.5,+000000.0+000067.0,+000066.5
11/Dec/2018 06:00:02,+001573.9,+000000.0+000072.5,+000000.0+000067.0,+000066.4
11/Dec/2018 06:15:04,+001573.8,+000000.0+000072.5,+000000.0+000067.0,+000066.4
11/Dec/2018 06:30:06,+001573.6,+000000.0+000072.5,+000000.0+000067.0,+000066.4
11/Dec/2018 06:45:09,+001573.5,+000000.0+000072.5,+000000.0+000067.0,+000066.5
11/Dec/2018 07:00:11,+001573.3,+000000.0+000072.5,+000000.0+000067.0,+000066.5
11/Dec/2018 07:15:13,+001573.1,+000000.0+000072.5,+000000.0+000067.0,+000066.5
11/Dec/2018 07:30:15,+001573.0,+000000.0+000072.5,+000000.0+000067.0,+000066.5
11/Dec/2018 07:45:18,+001572.8,+000000.0+000072.5,+000000.0+000067.0,+000066.4
11/Dec/2018 08:00:20,+001572.6,+000000.0+000072.5,+000000.0+000067.0,+000066.5
11/Dec/2018 08:15:22,+001572.5,+000000.0+000072.5,+000000.0+000067.0,+000066.5
11/Dec/2018 08:30:24,+001572.3,+000000.0+000072.5,+000000.0+000067.0,+000066.5
11/Dec/2018 08:45:26,+001572.1,+000000.0+000072.5,+000000.0+000067.0,+000066.5
11/Dec/2018 09:00:29,+001571.9,+000000.0+000072.5,+000000.0+000067.0,+000066.5
11/Dec/2018 09:15:31,+001571.7,+000000.0+000072.6,+000000.0+000067.0,+000066.5
11/Dec/2018 09:30:33,+001571.6,+000000.0+000072.5,+000000.0+000067.0,+000066.5
11/Dec/2018 09:45:35,+001571.4,+000000.0+000072.5,+000000.0+000067.0,+000066.5
11/Dec/2018 10:00:38,+001571.2,+000000.0+000072.6,+000000.0+000067.0,+000066.5
11/Dec/2018 10:15:40,+001571.0,+000000.0+000072.5,+000000.0+000067.0,+000066.5
11/Dec/2018 10:30:42,+001570.8,+000000.0+000072.6,+000000.0+000067.0,+000066.5
11/Dec/2018 10:45:44,+001570.6,+000000.0+000072.5,+000000.0+000067.0,+000066.6
11/Dec/2018 11:00:46,+001570.4,+000000.0+000072.5,+000000.0+000067.0,+000066.6
11/Dec/2018 11:15:49,+001570.1,+000000.0+000072.5,+000000.0+000067.0,+000066.6
11/Dec/2018 11:30:51,+001570.0,+000000.0+000072.5,+000000.0+000067.0,+000066.6
11/Dec/2018 11:45:53,+001569.7,+000000.0+000072.6,+000000.0+000067.0,+000066.6
11/Dec/2018 12:00:55,+001569.5,+000000.0+000072.6,+000000.0+000067.1,+000066.6
11/Dec/2018 12:15:57,+001569.2,+000000.0+000072.6,+000000.0+000067.0,+000066.6
11/Dec/2018 12:31:00,+001569.1,+000000.0+000072.5,+000000.0+000067.1,+000066.6
11/Dec/2018 12:46:02,+001568.8,+000000.0+000072.6,+000000.0+000067.1,+000066.6
11/Dec/2018 13:01:04,+001568.7,+000000.0+000072.6,+000000.0+000067.1,+000066.7
11/Dec/2018 13:16:06,+001568.4,+000000.0+000007.3,+000000.0+000067.1,+000066.7
11/Dec/2018 13:31:09,+001568.3,+000000.0+000007.3,+000000.0+000067.1,+000066.7
11/Dec/2018 13:46:11,+001568.1,+000000.0+000007.3,+000000.0+000067.1,+000066.7
11/Dec/2018 14:01:13,+001567.9,+000000.0+000007.3,+000000.0+000067.1,+000066.6
11/Dec/2018 14:16:15,+001567.7,+000000.0+000007.3,+000000.0+000067.1,+000066.7
11/Dec/2018 14:31:18,+001567.4,+000000.0+000007.3,+000000.0+000067.1,+000066.7
11/Dec/2018 14:46:20,+001567.3,+000000.0+000007.3,+000000.0+000067.1,+000066.7
11/Dec/2018 15:01:22,+001567.1,+000000.0+000007.3,+000000.0+000067.1,+000066.7
11/Dec/2018 15:16:24,+001566.8,+000000.0+000007.3,+000000.0+000067.1,+000066.7
11/Dec/2018 15:37:54,+000000.0,+000000.0+000000.0,+000096.0+000000.0,+000002.5
11/Dec/2018 15:52:56,+000000.0,+000000.0+000000.0,+000096.0+000000.0,+000002.5
11/Dec/2018 16:30:51,+000000.0,+000000.0+000000.0,+000096.0+000000.0,+000002.4
11/Dec/2018 16:36:10,+000000.0,+000000.0+000000.0,+000096.1+000000.0,+000002.4
11/Dec/2018 16:51:13,+000000.0,+000000.0+000000.0,+000096.1+000000.0,+000002.4
11/Dec/2018 17:06:15,+000000.0,+000000.0+000000.0,+000096.1+000000.0,+000002.4
11/Dec/2018 17:21:18,+000000.0,+000000.0+000000.0,+000096.0+000000.0,+000002.4
11/Dec/2018 17:36:20,+000000.0,+000000.0+000000.0,+000096.0+000000.0,+000002.4
11/Dec/2018 17:51:22,+000000.0,+000000.0+000000.0,+000096.1+000000.0,+000002.4
11/Dec/2018 18:06:24,+000000.0,+000000.0+000000.0,+000096.0+000000.0,+000002.4
11/Dec/2018 18:21:27,+000000.0,+000000.0+000000.0,+000096.1+000000.0,+000002.4
11/Dec/2018 18:36:29,+000000.0,+000000.0+000000.0,+000096.1+000000.0,+000002.4
11/Dec/2018 18:51:31,+000000.0,+000000.0+000000.0,+000096.0+000000.0,+000002.4
11/Dec/2018 19:06:33,+000000.0,+000000.0+000000.0,+000096.0+000000.0,+000002.3
11/Dec/2018 19:21:35,+000000.0,+000000.0+000000.0,+000096.1+000000.0,+000002.4
11/Dec/2018 19:36:38,+000000.0,+000000.0+000000.0,+000096.0+000000.0,+000002.4
11/Dec/2018 19:51:40,+000000.0,+000000.0+000000.0,+000096.0+000000.0,+000002.3
11/Dec/2018 20:06:42,+000000.0,+000000.0+000000.0,+000096.0+000000.0,+000002.3
11/Dec/2018 20:21:44,+000000.0,+000000.0+000000.0,+000096.0+000000.0,+000002.3
11/Dec/2018 20:36:46,+000000.0,+000000.0+000000.0,+000096.0+000000.0,+000002.3
11/Dec/2018 20:51:49,+000000.0,+000000.0+000000.0,+000096.0+000000.0,+000002.3
11/Dec/2018 21:06:51,+000000.0,+000000.0+000000.0,+000096.1+000000.0,+000002.3
11/Dec/2018 21:21:53,+000000.0,+000000.0+000000.0,+000096.0+000000.0,+000002.3
11/Dec/2018 21:36:55,+000000.0,+000000.0+000000.0,+000096.0+000000.0,+000002.2
11/Dec/2018 21:51:58,+000000.0,+000000.0+000000.0,+000096.0+000000.0,+000002.3
11/Dec/2018 22:07:00,+000000.0,+000000.0+000000.0,+000096.1+000000.0,+000002.3
11/Dec/2018 22:13:56,+000000.0,+000000.0+000000.0,+000096.1+000000.0,+000002.2
11/Dec/2018 22:28:58,+000000.0,+000000.0+000000.0,+000096.1+000000.0,+000002.2
11/Dec/2018 22:44:00,+000000.0,+000000.0+000000.0,+000096.0+000000.0,+000002.2
11/Dec/2018 22:59:03,+000000.0,+000000.0+000000.0,+000096.0+000000.0,+000002.2
11/Dec/2018 23:14:05,+000000.0,+000000.0+000000.0,+000096.0+000000.0,+000002.2
11/Dec/2018 23:29:07,+000000.0,+000000.0+000000.0,+000096.1+000000.0,+000002.2
11/Dec/2018 23:44:09,+000000.0,+000000.0+000000.0,+000096.0+000000.0,+000002.3
11/Dec/2018 23:59:11,+000000.0,+000000.0+000000.0,+000096.0+000000.0,+000002.2
12/Dec/2018 00:14:14,+000000.0,+000000.0+000000.0,+000096.0+000000.0,+000002.2
12/Dec/2018 00:29:16,+000000.0,+000000.0+000000.0,+000096.0+000000.0,+000002.2
12/Dec/2018 00:44:18,+000000.0,+000000.0+000000.0,+000096.0+000000.0,+000002.2
12/Dec/2018 00:59:20,+000000.0,+000000.0+000000.0,+000096.0+000000.0,+000002.2
12/Dec/2018 01:14:22,+000000.0,+000000.0+000000.0,+000096.0+000000.0,+000002.2
12/Dec/2018 01:29:25,+000000.0,+000000.0+000000.0,+000096.1+000000.0,+000002.2
12/Dec/2018 01:44:27,+000000.0,+000000.0+000000.0,+000096.0+000000.0,+000002.2
12/Dec/2018 01:59:29,+000000.0,+000000.0+000000.0,+000096.0+000000.0,+000002.2
12/Dec/2018 02:14:31,+000000.0,+000000.0+000000.0,+000096.0+000000.0,+000002.2
12/Dec/2018 02:29:34,+000000.0,+000000.0+000000.0,+000096.0+000000.0,+000002.2
12/Dec/2018 02:44:36,+000000.0,+000000.0+000000.0,+000096.1+000000.0,+000002.2
12/Dec/2018 02:59:38,+000000.0,+000000.0+000000.0,+000096.0+000000.0,+000002.2
12/Dec/2018 03:14:40,+000000.0,+000000.0+000000.0,+000096.0+000000.0,+000002.2
12/Dec/2018 03:29:43,+000000.0,+000000.0+000000.0,+000096.0+000000.0,+000002.2
12/Dec/2018 03:44:45,+000000.0,+000000.0+000000.0,+000096.0+000000.0,+000002.2
12/Dec/2018 03:59:47,+000000.0,+000000.0+000000.0,+000096.0+000000.0,+000002.2
12/Dec/2018 04:14:49,+000000.0,+000000.0+000000.0,+000096.0+000000.0,+000002.2
12/Dec/2018 04:29:51,+000000.0,+000000.0+000000.0,+000096.0+000000.0,+000002.2
12/Dec/2018 04:44:54,+000000.0,+000000.0+000000.0,+000096.0+000000.0,+000002.2
12/Dec/2018 04:59:56,+000000.0,+000000.0+000000.0,+000096.0+000000.0,+000002.2
12/Dec/2018 05:14:58,+000000.0,+000000.0+000000.0,+000096.0+000000.0,+000002.2
12/Dec/2018 05:30:00,+000000.0,+000000.0+000000.0,+000096.0+000000.0,+000002.2
12/Dec/2018 05:45:03,+000000.0,+000000.0+000000.0,+000096.0+000000.0,+000002.2
12/Dec/2018 06:00:05,+000000.0,+000000.0+000000.0,+000096.0+000000.0,+000002.2
12/Dec/2018 06:15:07,+000000.0,+000000.0+000000.0,+000096.0+000000.0,+000002.2
12/Dec/2018 06:30:09,+000000.0,+000000.0+000000.0,+000096.0+000000.0,+000002.2
12/Dec/2018 06:45:11,+000000.0,+000000.0+000000.0,+000096.0+000000.0,+000002.2
12/Dec/2018 07:00:14,+000000.0,+000000.0+000000.0,+000096.0+000000.0,+000002.2
12/Dec/2018 07:15:16,+000000.0,+000000.0+000000.0,+000096.0+000000.0,+000002.2
12/Dec/2018 07:30:18,+000000.0,+000000.0+000000.0,+000096.0+000000.0,+000002.2
12/Dec/2018 07:45:20,+000000.0,+000000.0+000000.0,+000096.0+000000.0,+000002.2
12/Dec/2018 08:00:22,+000000.0,+000000.0+000000.0,+000096.0+000000.0,+000002.2
12/Dec/2018 08:15:25,+000000.0,+000000.0+000000.0,+000096.0+000000.0,+000002.2
12/Dec/2018 08:30:27,+000000.0,+000000.0+000000.0,+000096.0+000000.0,+000002.2
12/Dec/2018 08:45:29,+000000.0,+000000.0+000000.0,+000096.0+000000.0,+000002.3
12/Dec/2018 09:00:32,+000000.0,+000000.0+000000.0,+000096.0+000000.0,+000002.3
12/Dec/2018 09:15:34,+000000.0,+000000.0+000000.0,+000096.0+000000.0,+000002.3
2018-12-12 10:10:002018-12-12 10:41:02