16/Oct/2018 09:58:17,2346.3
16/Oct/2018 11:25:02,2346.3,2502.8
16/Oct/2018 11:27:44,2346.3,2502.8
16/Oct/2018 11:57:54,2346.3,2502.8
16/Oct/2018 12:27:56,2346.3,2502.7
16/Oct/2018 12:57:58,2344.1,2498.7
16/Oct/2018 13:28:00,2343.9,2497.2
16/Oct/2018 13:58:03,2343.7,2495.5
16/Oct/2018 14:28:05,2343.6,2493.7
16/Oct/2018 14:58:07,2343.3,2492.2
16/Oct/2018 15:28:09,2343.2,2490.2
16/Oct/2018 15:58:11,2343.0,2488.9
16/Oct/2018 16:28:14,2342.8,2487.6
16/Oct/2018 16:58:16,2342.6,2486.2
16/Oct/2018 17:28:18,2342.4,2484.9
16/Oct/2018 17:58:20,2342.2,2483.5
16/Oct/2018 18:28:23,2342.1,2482.5
16/Oct/2018 18:58:25,2342.0,2481.2
16/Oct/2018 19:28:27,2341.9,2480.2
16/Oct/2018 19:58:29,2341.7,2479.2
16/Oct/2018 20:28:31,2341.6,2477.9
16/Oct/2018 20:58:34,2341.4,2476.9
16/Oct/2018 21:28:36,2341.3,2476.0
16/Oct/2018 21:58:38,2341.2,2474.9
16/Oct/2018 22:13:52,2341.0,2473.3
16/Oct/2018 22:43:54,2341.0,2473.3
16/Oct/2018 23:13:56,2340.9,2472.3
16/Oct/2018 23:43:59,2340.8,2471.2
17/Oct/2018 00:14:01,2340.7,2470.1
17/Oct/2018 00:44:03,2340.6,2469.2
17/Oct/2018 01:14:05,2340.5,2468.1
17/Oct/2018 01:44:07,2340.4,2467.0
17/Oct/2018 02:14:10,2340.3,2466.3
17/Oct/2018 02:44:12,2340.2,2465.2
17/Oct/2018 03:14:14,2340.1,2464.3
17/Oct/2018 03:44:16,2340.0,2463.4
17/Oct/2018 04:14:19,2339.9,2462.5
17/Oct/2018 04:44:21,2339.8,2461.6
17/Oct/2018 05:14:23,2339.7,2460.6
17/Oct/2018 05:44:25,2339.6,2459.9
17/Oct/2018 06:14:27,2339.5,2458.7
17/Oct/2018 06:44:30,2339.4,2458.1
17/Oct/2018 07:14:32,2339.3,2457.2
17/Oct/2018 07:44:34,2339.2,2456.2
17/Oct/2018 08:14:36,2339.1,2455.3
17/Oct/2018 08:44:38,2338.9,2454.5
17/Oct/2018 09:14:41,2338.8,2453.5
17/Oct/2018 09:44:43,2338.7,2452.4
17/Oct/2018 10:14:45,2338.6,2451.6
17/Oct/2018 10:44:47,2338.4,2450.7
17/Oct/2018 11:14:49,2338.2,2449.7
17/Oct/2018 11:44:52,2338.1,2448.4
17/Oct/2018 12:14:54,2337.9,2447.7
17/Oct/2018 12:44:56,2337.8,2446.6
17/Oct/2018 13:14:58,2337.6,2445.7
17/Oct/2018 13:45:00,2337.5,2445.1
17/Oct/2018 14:15:03,2337.4,2444.5
17/Oct/2018 14:45:05,2337.2,2443.0
17/Oct/2018 15:15:07,2337.0,2442.2
17/Oct/2018 15:45:09,2336.9,2441.6
17/Oct/2018 16:15:12,2336.7,2440.7
17/Oct/2018 16:45:14,2336.5,2439.9
17/Oct/2018 17:15:16,2336.3,2438.8
17/Oct/2018 17:45:18,2336.1,2438.1
17/Oct/2018 18:15:20,2335.9,2436.8
17/Oct/2018 18:45:23,2335.8,2435.9
17/Oct/2018 19:15:25,2335.7,2435.1
17/Oct/2018 19:45:27,2335.5,2434.1
17/Oct/2018 20:15:29,2335.4,2433.4
17/Oct/2018 20:45:32,2335.2,2432.6
17/Oct/2018 21:15:34,2335.1,2431.6
17/Oct/2018 21:45:36,2335.0,2430.8
17/Oct/2018 22:13:52,2334.8,2429.2
17/Oct/2018 22:43:54,2334.8,2429.2
17/Oct/2018 23:13:57,2334.6,2428.2
17/Oct/2018 23:43:59,2334.5,2427.4
18/Oct/2018 00:14:01,2334.4,2426.4
18/Oct/2018 00:44:03,2334.2,2426.0
18/Oct/2018 01:14:05,2334.1,2425.2
18/Oct/2018 01:44:08,2334.0,2424.2
18/Oct/2018 02:14:10,2333.9,2423.5
18/Oct/2018 02:44:12,2333.8,2422.8
18/Oct/2018 03:14:14,2333.7,2422.0
18/Oct/2018 03:44:17,2333.5,2421.0
18/Oct/2018 04:14:19,2333.4,2420.4
18/Oct/2018 04:44:21,2333.3,2419.8
18/Oct/2018 05:14:23,2333.2,2419.0
18/Oct/2018 05:44:26,2333.0,2418.1
18/Oct/2018 06:14:28,2332.9,2417.4
18/Oct/2018 06:44:30,2332.8,2416.5
18/Oct/2018 07:14:32,2332.7,2415.9
18/Oct/2018 07:44:34,2332.5,2415.2
18/Oct/2018 08:14:37,2332.4,2414.5
18/Oct/2018 08:44:39,2332.3,2413.8
18/Oct/2018 09:14:41,2332.2,2412.7
18/Oct/2018 09:44:43,2332.1,2412.4
18/Oct/2018 10:14:46,2332.0,2411.6
18/Oct/2018 10:44:48,2331.9,2410.8
18/Oct/2018 11:14:50,2331.7,2410.2
18/Oct/2018 11:44:52,2331.6,2409.4
18/Oct/2018 12:14:54,2331.4,2408.8
18/Oct/2018 12:44:57,2331.3,2407.8
18/Oct/2018 13:14:59,2331.1,2406.9
18/Oct/2018 13:45:01,2331.0,2406.1
18/Oct/2018 14:15:03,2330.8,2405.3
18/Oct/2018 14:45:05,2330.6,2404.6
18/Oct/2018 15:15:08,2330.4,2403.7
18/Oct/2018 15:45:10,2330.3,2402.8
18/Oct/2018 16:15:12,2330.2,2402.0
18/Oct/2018 16:45:14,2330.0,2401.5
18/Oct/2018 17:15:16,2329.8,2400.2
18/Oct/2018 17:45:19,2329.6,2399.9
18/Oct/2018 18:15:21,2329.5,2399.0
18/Oct/2018 18:45:23,2329.4,2398.0
18/Oct/2018 19:15:25,2329.3,2397.3
18/Oct/2018 19:45:27,2329.2,2396.7
18/Oct/2018 20:15:30,2329.0,2395.7
18/Oct/2018 20:45:32,2328.9,2395.2
18/Oct/2018 21:15:34,2328.8,2394.5
18/Oct/2018 21:45:36,2328.7,2393.5
18/Oct/2018 22:13:44,2328.5,2392.2
18/Oct/2018 22:44:54,2328.5,2392.2
18/Oct/2018 23:14:57,2328.3,2391.3
18/Oct/2018 23:44:59,2328.2,2390.9
19/Oct/2018 00:15:01,2328.1,2390.4
19/Oct/2018 00:45:03,2328.0,2389.6
19/Oct/2018 01:15:05,2327.9,2389.0
19/Oct/2018 01:45:07,2327.7,2388.3
19/Oct/2018 02:15:10,2327.6,2387.8
19/Oct/2018 02:45:12,2327.5,2386.9
19/Oct/2018 03:15:14,2327.4,2386.3
19/Oct/2018 03:45:16,2327.3,2385.7
19/Oct/2018 04:15:18,2327.2,2384.6
19/Oct/2018 04:45:21,2327.1,2384.0
19/Oct/2018 05:15:23,2326.9,2383.5
19/Oct/2018 05:45:25,2326.8,2382.8
19/Oct/2018 06:15:27,2326.7,2382.0
19/Oct/2018 06:45:29,2326.6,2381.3
19/Oct/2018 07:15:32,2326.5,2380.9
19/Oct/2018 07:45:34,2326.4,2380.2
19/Oct/2018 08:15:36,2326.2,2379.3
19/Oct/2018 08:45:38,2326.1,2378.5
19/Oct/2018 09:15:40,2326.0,2377.9
19/Oct/2018 09:45:43,2325.8,2380.1
19/Oct/2018 10:15:45,2325.7,2379.2
19/Oct/2018 10:45:47,2325.5,2378.3
19/Oct/2018 11:15:49,2325.3,2377.2
19/Oct/2018 11:45:51,2325.2,2376.0
19/Oct/2018 12:15:54,2325.0,2375.2
19/Oct/2018 12:45:56,2324.9,2374.2
19/Oct/2018 13:15:58,2324.7,2373.5
19/Oct/2018 13:46:00,2324.5,2372.6
19/Oct/2018 14:16:02,2324.4,2371.5
19/Oct/2018 14:46:04,2324.2,2370.7
19/Oct/2018 15:16:07,2324.0,2370.0
19/Oct/2018 15:46:09,2323.8,2369.1
19/Oct/2018 16:16:11,2323.6,2367.6
19/Oct/2018 16:46:13,2323.4,2367.2
19/Oct/2018 17:16:15,2323.3,2366.0
19/Oct/2018 17:46:18,2323.0,2364.9
19/Oct/2018 18:16:20,2322.9,2364.1
19/Oct/2018 18:46:22,2322.8,2363.1
19/Oct/2018 19:16:24,2322.7,2362.4
19/Oct/2018 19:46:27,2322.5,2361.4
19/Oct/2018 20:16:29,2322.4,2360.4
19/Oct/2018 20:46:31,2322.3,2359.8
19/Oct/2018 21:16:33,2322.1,2358.8
19/Oct/2018 21:46:35,2322.0,2358.2
19/Oct/2018 22:13:54,2321.8,2356.1
19/Oct/2018 22:43:56,2321.8,2356.1
19/Oct/2018 23:13:59,2321.6,2355.5
19/Oct/2018 23:44:02,2321.5,2354.8
20/Oct/2018 00:14:04,2321.4,2353.4
20/Oct/2018 00:44:06,2321.3,2353.2
20/Oct/2018 01:14:08,2321.2,2352.0
20/Oct/2018 01:44:11,2321.0,2351.1
20/Oct/2018 02:14:13,2320.9,2350.3
20/Oct/2018 02:44:15,2320.8,2349.3
20/Oct/2018 03:14:17,2320.7,2348.6
20/Oct/2018 03:44:20,2320.5,2347.8
20/Oct/2018 04:14:22,2320.4,2346.9
20/Oct/2018 04:44:24,2320.3,2346.4
20/Oct/2018 05:14:26,2320.2,2345.4
20/Oct/2018 05:44:28,2320.1,2344.3
20/Oct/2018 06:14:31,2319.9,2343.4
20/Oct/2018 06:44:33,2319.8,2342.7
20/Oct/2018 07:14:35,2319.7,2342.1
20/Oct/2018 07:44:37,2319.6,2340.9
20/Oct/2018 08:14:39,2319.5,2340.3
20/Oct/2018 08:44:42,2319.3,2339.4
20/Oct/2018 09:14:44,2319.2,2338.6
20/Oct/2018 09:44:46,2319.1,2337.8
20/Oct/2018 10:14:48,2318.9,2336.8
20/Oct/2018 10:44:50,2318.8,2336.0
20/Oct/2018 11:14:53,2318.7,2334.9
20/Oct/2018 11:44:55,2318.5,2334.4
20/Oct/2018 12:14:57,2318.3,2333.3
20/Oct/2018 12:44:59,2318.2,2332.5
20/Oct/2018 13:15:01,2318.1,2331.3
20/Oct/2018 13:45:04,2317.9,2330.4
20/Oct/2018 14:15:06,2317.7,2329.8
20/Oct/2018 14:45:08,2317.6,2328.7
20/Oct/2018 15:15:10,2317.5,2327.6
20/Oct/2018 15:45:13,2317.3,2326.7
20/Oct/2018 16:15:15,2317.2,2326.1
20/Oct/2018 16:45:17,2317.0,2325.2
20/Oct/2018 17:15:19,2316.9,2323.9
20/Oct/2018 17:45:21,2316.7,2323.3
20/Oct/2018 18:15:24,2316.6,2322.4
20/Oct/2018 18:45:26,2316.4,2321.3
20/Oct/2018 19:15:28,2316.3,2320.6
20/Oct/2018 19:45:30,2316.1,2319.8
20/Oct/2018 20:15:33,2316.0,2318.9
20/Oct/2018 20:45:35,2315.9,2318.0
20/Oct/2018 21:15:37,2315.8,2317.3
20/Oct/2018 21:45:39,2315.6,2316.5
20/Oct/2018 22:13:52,2315.4,2314.7
20/Oct/2018 22:43:54,2315.4,2314.7
20/Oct/2018 23:13:57,2315.3,2314.0
20/Oct/2018 23:43:59,2315.1,2313.0
21/Oct/2018 00:14:01,2315.0,2312.1
21/Oct/2018 00:44:03,2314.9,2311.6
21/Oct/2018 01:14:05,2314.8,2310.6
21/Oct/2018 01:44:08,2314.6,2309.6
21/Oct/2018 02:14:10,2314.5,2308.8
21/Oct/2018 02:44:12,2314.4,2308.0
21/Oct/2018 03:14:14,2314.3,2307.2
21/Oct/2018 03:44:16,2314.1,2306.5
21/Oct/2018 04:14:19,2314.0,2306.0
21/Oct/2018 04:44:21,2313.9,2305.0
21/Oct/2018 05:14:23,2313.8,2304.3
21/Oct/2018 05:44:25,2313.7,2303.3
21/Oct/2018 06:14:27,2313.5,2302.7
21/Oct/2018 06:44:30,2313.4,2302.0
21/Oct/2018 07:14:32,2313.2,2301.3
21/Oct/2018 07:44:34,2313.1,2300.3
21/Oct/2018 08:14:36,2313.0,2299.7
21/Oct/2018 08:44:39,2312.9,2298.9
21/Oct/2018 09:14:41,2312.8,2297.8
21/Oct/2018 09:44:43,2312.6,2296.9
21/Oct/2018 10:14:45,2312.5,2296.6
21/Oct/2018 10:44:47,2312.3,2295.7
21/Oct/2018 11:14:50,2312.2,2294.7
21/Oct/2018 11:44:52,2312.1,2294.0
21/Oct/2018 12:14:54,2311.9,2293.2
21/Oct/2018 12:44:56,2311.8,2292.2
21/Oct/2018 13:14:58,2311.6,2291.7
21/Oct/2018 13:45:01,2311.5,2290.8
21/Oct/2018 14:15:03,2311.4,2290.1
21/Oct/2018 14:45:05,2311.2,2289.0
21/Oct/2018 15:15:07,2311.1,2288.2
21/Oct/2018 15:45:09,2311.0,2287.7
21/Oct/2018 16:15:12,2310.8,2286.8
21/Oct/2018 16:45:14,2310.7,2286.0
21/Oct/2018 17:15:16,2310.6,2285.0
21/Oct/2018 17:45:18,2310.5,2284.3
21/Oct/2018 18:15:21,2310.4,2283.4
21/Oct/2018 18:45:23,2310.2,2282.7
21/Oct/2018 19:15:25,2310.1,2282.2
21/Oct/2018 19:45:27,2310.0,2281.2
21/Oct/2018 20:15:29,2309.9,2280.7
21/Oct/2018 20:45:32,2309.8,2280.1
21/Oct/2018 21:15:34,2309.6,2279.0
21/Oct/2018 21:45:36,2309.5,2278.4
21/Oct/2018 22:13:52,2309.3,2276.9
21/Oct/2018 22:43:54,2309.3,2276.9
21/Oct/2018 23:13:57,2309.1,2275.9
21/Oct/2018 23:44:00,2309.0,2275.1
22/Oct/2018 00:14:02,2308.9,2274.1
22/Oct/2018 00:44:04,2308.8,2273.6
22/Oct/2018 01:14:06,2308.6,2272.8
22/Oct/2018 01:44:09,2308.5,2272.1
22/Oct/2018 02:14:11,2308.3,2271.2
22/Oct/2018 02:44:13,2308.2,2270.2
22/Oct/2018 03:14:15,2308.0,2269.0
22/Oct/2018 03:44:17,2307.9,2268.5
22/Oct/2018 04:14:20,2307.8,2267.7
22/Oct/2018 04:44:22,2307.6,2266.5
22/Oct/2018 05:14:24,2307.4,2266.0
22/Oct/2018 05:44:26,2307.3,2265.3
22/Oct/2018 06:14:28,2307.1,2264.1
22/Oct/2018 06:44:31,2307.0,2263.2
22/Oct/2018 07:14:33,2306.8,2262.4
22/Oct/2018 07:44:35,2306.7,2261.7
22/Oct/2018 08:14:37,2306.5,2260.4
22/Oct/2018 08:44:39,2306.4,2259.7
22/Oct/2018 09:14:42,2306.3,2259.3
22/Oct/2018 09:44:44,2306.1,2258.2
22/Oct/2018 10:14:46,2306.0,2257.5
22/Oct/2018 10:44:48,2305.8,2256.5
22/Oct/2018 11:14:50,2305.7,2255.3
22/Oct/2018 11:44:53,2305.5,2254.7
22/Oct/2018 12:14:55,2305.3,2253.9
22/Oct/2018 12:44:57,2305.2,2253.2
22/Oct/2018 13:14:59,2305.0,2252.1
22/Oct/2018 13:45:01,2304.8,2251.0
22/Oct/2018 14:15:04,2304.7,2250.3
22/Oct/2018 14:45:06,2304.5,2249.5
22/Oct/2018 15:15:08,2304.4,2248.3
22/Oct/2018 15:45:10,2304.1,2247.4
22/Oct/2018 16:15:12,2304.0,2246.8
22/Oct/2018 16:45:15,2303.8,2246.1
22/Oct/2018 17:15:17,2303.7,2245.3
22/Oct/2018 17:45:19,2303.5,2244.4
22/Oct/2018 18:15:21,2303.4,2243.3
22/Oct/2018 18:45:24,2303.3,2242.6
22/Oct/2018 19:15:26,2303.1,2241.7
22/Oct/2018 19:45:28,2303.0,2241.2
22/Oct/2018 20:15:30,2302.9,2240.5
22/Oct/2018 20:45:32,2302.8,2239.5
22/Oct/2018 21:15:35,2302.6,2239.0
22/Oct/2018 21:45:37,2302.5,2237.7
22/Oct/2018 22:13:52,2302.3,2236.6
22/Oct/2018 22:43:54,2302.3,2236.6
22/Oct/2018 23:13:56,2302.1,2235.5
22/Oct/2018 23:43:58,2302.0,2235.0
23/Oct/2018 00:14:01,2301.9,2234.1
23/Oct/2018 00:44:03,2301.8,2233.3
23/Oct/2018 01:14:05,2301.7,2232.6
23/Oct/2018 01:44:07,2301.6,2231.8
23/Oct/2018 02:14:09,2301.4,2230.9
23/Oct/2018 02:44:12,2301.3,2230.3
23/Oct/2018 03:14:14,2301.2,2229.3
23/Oct/2018 03:44:16,2301.1,2228.7
23/Oct/2018 04:14:18,2301.0,2228.1
23/Oct/2018 04:44:20,2300.9,2227.3
23/Oct/2018 05:14:23,2300.8,2226.6
23/Oct/2018 05:44:25,2300.7,2225.6
23/Oct/2018 06:14:27,2300.5,2224.9
23/Oct/2018 06:44:29,2300.4,2224.1
23/Oct/2018 07:14:31,2300.3,2223.4
23/Oct/2018 07:44:34,2300.2,2222.8
23/Oct/2018 08:14:36,2300.0,2221.7
23/Oct/2018 08:44:38,2299.9,2220.9
23/Oct/2018 09:14:40,2299.7,2220.3
23/Oct/2018 09:44:43,2299.6,2219.3
23/Oct/2018 10:14:45,2299.4,2218.5
23/Oct/2018 10:44:47,2299.3,2217.6
23/Oct/2018 11:14:49,2299.1,2217.1
23/Oct/2018 11:44:51,2299.0,2216.0
23/Oct/2018 12:14:54,2298.7,2217.5
23/Oct/2018 12:44:56,2298.5,2216.5
23/Oct/2018 13:14:59,2298.4,2215.4
23/Oct/2018 13:45:01,2298.2,2214.4
23/Oct/2018 14:15:04,2298.0,2213.6
23/Oct/2018 14:45:07,2297.9,2212.7
23/Oct/2018 15:15:09,2297.7,2211.4
23/Oct/2018 15:45:11,2297.5,2210.7
23/Oct/2018 16:15:13,2297.3,2209.6
23/Oct/2018 16:45:15,2297.1,2208.8
23/Oct/2018 17:15:18,2296.9,2207.8
23/Oct/2018 17:45:20,2296.8,2206.8
23/Oct/2018 18:15:22,2296.6,2205.7
23/Oct/2018 18:45:24,2296.5,2205.0
23/Oct/2018 19:15:26,2296.4,2203.9
23/Oct/2018 19:45:29,2296.2,2203.2
23/Oct/2018 20:15:31,2296.0,2202.4
23/Oct/2018 20:45:33,2295.9,2201.3
23/Oct/2018 21:15:35,2295.7,2200.7
23/Oct/2018 21:45:37,2295.6,2200.0
23/Oct/2018 22:13:54,2295.3,2198.3
23/Oct/2018 22:43:57,2295.3,2198.2
23/Oct/2018 23:13:59,2295.2,2197.5
23/Oct/2018 23:44:01,2295.0,2196.5
24/Oct/2018 00:14:03,2294.9,2195.6
24/Oct/2018 00:44:05,2294.8,2194.8
24/Oct/2018 01:14:08,2294.6,2194.0
24/Oct/2018 01:44:10,2294.5,2193.1
24/Oct/2018 02:14:12,2294.4,2192.5
24/Oct/2018 02:44:14,2294.2,2191.6
24/Oct/2018 03:14:16,2294.1,2190.6
24/Oct/2018 03:44:19,2293.9,2189.8
24/Oct/2018 04:14:21,2293.8,2189.2
24/Oct/2018 04:44:23,2293.7,2188.1
24/Oct/2018 05:14:25,2293.6,2187.4
24/Oct/2018 05:44:27,2293.4,2186.6
24/Oct/2018 06:14:30,2293.3,2185.5
24/Oct/2018 06:44:32,2293.2,2184.8
24/Oct/2018 07:14:34,2293.1,2183.9
24/Oct/2018 07:44:36,2292.9,2183.2
24/Oct/2018 08:14:38,2292.8,2182.4
24/Oct/2018 08:44:41,2292.7,2181.6
24/Oct/2018 09:14:43,2292.5,2180.9
24/Oct/2018 09:44:45,2292.4,2180.0
24/Oct/2018 10:14:47,2292.2,2179.0
24/Oct/2018 10:44:50,2292.0,2178.1
24/Oct/2018 11:14:52,2291.9,2177.3
24/Oct/2018 11:44:54,2291.7,2176.2
24/Oct/2018 12:14:56,2291.5,2175.3
24/Oct/2018 12:44:58,2291.3,2174.5
24/Oct/2018 13:15:01,2291.2,2173.4
24/Oct/2018 13:45:03,2291.0,2172.4
24/Oct/2018 14:15:05,2290.8,2171.5
24/Oct/2018 14:45:07,2290.4,2170.7
24/Oct/2018 15:15:09,2290.2,2169.4
24/Oct/2018 15:45:12,2289.9,2168.5
24/Oct/2018 16:15:14,2289.7,2167.3
24/Oct/2018 16:45:16,2289.4,2166.5
24/Oct/2018 17:15:18,2289.2,2165.6
24/Oct/2018 17:45:21,2289.0,2164.4
24/Oct/2018 18:15:23,2288.9,2163.6
24/Oct/2018 18:45:25,2288.7,2162.7
24/Oct/2018 19:15:27,2288.5,2161.9
24/Oct/2018 19:45:29,2288.3,2161.1
24/Oct/2018 20:15:32,2288.2,2160.2
24/Oct/2018 20:45:34,2288.0,2159.4
24/Oct/2018 21:15:36,2287.8,2158.4
24/Oct/2018 21:45:38,2287.7,2157.4
24/Oct/2018 22:13:52,2287.3,2156.1
24/Oct/2018 22:43:54,2287.3,2156.0
24/Oct/2018 23:13:56,2287.2,2155.0
24/Oct/2018 23:43:58,2287.0,2154.3
25/Oct/2018 00:14:01,2286.8,2153.7
25/Oct/2018 00:44:03,2286.6,2152.6
25/Oct/2018 01:14:05,2286.4,2151.8
25/Oct/2018 01:45:07,2286.3,2150.9
25/Oct/2018 02:15:10,2286.1,2150.0
25/Oct/2018 02:45:12,2286.0,2149.1
25/Oct/2018 03:15:14,2285.8,2148.5
25/Oct/2018 03:45:16,2285.7,2147.6
25/Oct/2018 04:15:19,2285.5,2146.6
25/Oct/2018 04:45:21,2285.4,2146.0
25/Oct/2018 05:15:23,2285.2,2144.9
25/Oct/2018 05:45:25,2285.1,2144.3
25/Oct/2018 06:15:27,2284.9,2143.4
25/Oct/2018 06:45:30,2284.8,2142.7
25/Oct/2018 07:15:32,2284.7,2141.9
25/Oct/2018 07:45:34,2284.5,2141.1
25/Oct/2018 08:15:36,2284.4,2140.2
25/Oct/2018 08:45:38,2284.2,2139.3
25/Oct/2018 09:15:41,2284.0,2138.7
25/Oct/2018 09:45:43,2283.8,2138.0
25/Oct/2018 10:15:45,2283.5,2137.0
25/Oct/2018 10:45:47,2283.4,2135.9
25/Oct/2018 11:15:49,2283.2,2135.1
25/Oct/2018 11:45:52,2283.0,2134.4
25/Oct/2018 12:15:54,2282.8,2133.6
25/Oct/2018 12:45:56,2282.6,2132.6
25/Oct/2018 13:15:58,2282.4,2132.1
25/Oct/2018 13:46:01,2282.1,2131.0
25/Oct/2018 14:16:03,2281.8,2130.3
25/Oct/2018 14:46:05,2281.6,2129.3
25/Oct/2018 15:16:07,2281.3,2128.3
25/Oct/2018 15:46:09,2281.1,2127.3
25/Oct/2018 16:16:12,2280.8,2126.5
25/Oct/2018 16:46:14,2280.6,2125.7
25/Oct/2018 17:16:16,2280.4,2124.9
25/Oct/2018 17:46:18,2280.2,2123.6
25/Oct/2018 18:16:20,2280.1,2122.9
25/Oct/2018 18:46:23,2279.9,2122.2
25/Oct/2018 19:16:25,2279.7,2121.2
25/Oct/2018 19:46:27,2279.6,2120.8
25/Oct/2018 20:16:29,2279.4,2119.8
25/Oct/2018 20:46:31,2279.2,2119.2
25/Oct/2018 21:16:34,2279.1,2118.0
25/Oct/2018 21:46:36,2278.9,2117.4
25/Oct/2018 22:13:52,2278.7,2115.7
25/Oct/2018 22:43:54,2278.7,2115.6
25/Oct/2018 23:13:56,2278.5,2114.8
25/Oct/2018 23:43:58,2278.3,2114.2
26/Oct/2018 00:14:01,2278.2,2113.2
26/Oct/2018 00:44:03,2278.0,2112.6
26/Oct/2018 01:14:05,2277.9,2111.7
26/Oct/2018 01:44:07,2277.7,2111.2
26/Oct/2018 02:14:09,2277.6,2110.3
26/Oct/2018 02:44:12,2277.4,2109.5
26/Oct/2018 03:14:14,2277.3,2108.6
26/Oct/2018 03:44:16,2277.1,2107.8
26/Oct/2018 04:14:18,2277.0,2107.2
26/Oct/2018 04:44:20,2276.8,2106.4
26/Oct/2018 05:14:23,2276.7,2105.6
26/Oct/2018 05:44:25,2276.5,2105.0
26/Oct/2018 06:14:27,2276.4,2103.8
26/Oct/2018 06:44:29,2276.2,2103.3
26/Oct/2018 07:14:32,2276.1,2102.5
26/Oct/2018 07:44:34,2275.9,2101.6
26/Oct/2018 08:14:36,2275.8,2101.3
26/Oct/2018 08:44:38,2275.6,2100.1
26/Oct/2018 09:14:40,2275.4,2099.7
26/Oct/2018 09:44:43,2275.1,2098.9
26/Oct/2018 10:14:45,2274.9,2098.0
26/Oct/2018 10:44:47,2274.7,2097.0
26/Oct/2018 11:14:49,2274.4,2095.9
26/Oct/2018 11:44:51,2274.2,2095.5
26/Oct/2018 12:14:54,2273.9,2094.8
26/Oct/2018 12:44:56,2273.6,2093.6
26/Oct/2018 13:14:58,2273.4,2092.7
26/Oct/2018 13:45:00,2273.1,2091.7
26/Oct/2018 14:15:03,2272.9,2090.8
26/Oct/2018 14:45:05,2272.6,2090.1
26/Oct/2018 15:15:07,2272.3,2088.7
26/Oct/2018 15:45:09,2272.0,2087.9
26/Oct/2018 16:15:11,2271.8,2087.1
26/Oct/2018 16:45:13,2271.6,2086.3
26/Oct/2018 17:15:16,2271.4,2085.3
26/Oct/2018 17:45:18,2271.2,2084.5
26/Oct/2018 18:15:20,2271.0,2083.7
26/Oct/2018 18:45:24,2270.8,2082.8
26/Oct/2018 19:15:26,2270.6,2082.0
26/Oct/2018 19:45:28,2270.4,2081.2
26/Oct/2018 20:15:30,2270.2,2080.4
26/Oct/2018 20:45:33,2270.1,2079.6
26/Oct/2018 21:15:35,2269.9,2079.0
26/Oct/2018 21:45:37,2269.7,2078.1
26/Oct/2018 22:13:54,2269.4,2076.5
26/Oct/2018 22:43:56,2269.4,2076.5
26/Oct/2018 23:13:58,2269.2,2076.0
26/Oct/2018 23:45:31,2269.0,2075.2
27/Oct/2018 00:15:33,2268.9,2074.2
27/Oct/2018 00:45:35,2268.7,2073.5
27/Oct/2018 01:15:38,2268.5,2072.8
27/Oct/2018 01:45:40,2268.4,2072.0
27/Oct/2018 02:15:42,2268.2,2071.3
27/Oct/2018 02:45:44,2268.0,2070.3
27/Oct/2018 03:15:46,2267.9,2069.9
27/Oct/2018 03:45:49,2267.7,2069.3
27/Oct/2018 04:15:51,2267.5,2068.4
27/Oct/2018 04:45:53,2267.4,2067.5
27/Oct/2018 05:15:55,2267.2,2067.0
27/Oct/2018 05:45:57,2267.1,2066.2
27/Oct/2018 06:15:59,2267.0,2065.6
27/Oct/2018 06:46:02,2266.8,2064.7
27/Oct/2018 07:16:04,2266.7,2063.8
27/Oct/2018 07:46:06,2266.5,2063.3
27/Oct/2018 08:16:08,2266.4,2062.6
27/Oct/2018 08:46:10,2266.2,2061.7
27/Oct/2018 09:16:12,2266.0,2060.9
27/Oct/2018 09:46:15,2265.9,2060.0
27/Oct/2018 10:16:17,2265.7,2059.2
27/Oct/2018 10:46:19,2265.5,2058.6
27/Oct/2018 11:16:21,2265.4,2057.6
27/Oct/2018 11:46:24,2265.2,2057.1
27/Oct/2018 12:16:26,2265.0,2056.0
27/Oct/2018 12:46:28,2264.7,2054.9
27/Oct/2018 13:16:30,2264.5,2054.0
27/Oct/2018 13:46:32,2264.3,2053.3
27/Oct/2018 14:16:35,2264.2,2052.6
27/Oct/2018 14:46:37,2264.0,2051.9
27/Oct/2018 15:16:39,2263.8,2051.1
27/Oct/2018 15:46:41,2263.6,2050.2
27/Oct/2018 16:16:43,2263.4,2049.2
27/Oct/2018 16:46:46,2263.2,2048.3
27/Oct/2018 17:16:48,2263.0,2047.6
27/Oct/2018 17:46:50,2262.8,2046.9
27/Oct/2018 18:16:52,2262.7,2046.0
27/Oct/2018 18:46:54,2262.5,2045.3
27/Oct/2018 19:16:57,2262.3,2044.6
27/Oct/2018 19:46:59,2262.1,2043.7
27/Oct/2018 20:17:01,2262.0,2042.8
27/Oct/2018 20:47:03,2261.8,2042.4
27/Oct/2018 21:17:05,2261.6,2041.6
27/Oct/2018 21:47:08,2261.4,2040.9
27/Oct/2018 22:13:52,2261.1,2039.5
27/Oct/2018 22:43:54,2261.1,2039.5
27/Oct/2018 23:13:56,2260.9,2038.7
27/Oct/2018 23:43:59,2260.8,2038.0
28/Oct/2018 00:14:01,2260.6,2037.1
28/Oct/2018 00:44:03,2260.4,2036.3
28/Oct/2018 01:14:05,2260.3,2035.8
28/Oct/2018 01:44:07,2260.1,2035.2
28/Oct/2018 02:14:10,2260.0,2034.6
28/Oct/2018 02:44:12,2259.8,2033.7
28/Oct/2018 03:14:14,2259.6,2032.8
28/Oct/2018 03:44:16,2259.5,2031.9
28/Oct/2018 04:14:18,2259.3,2031.4
28/Oct/2018 04:44:21,2259.2,2030.6
28/Oct/2018 05:14:23,2259.0,2029.9
28/Oct/2018 05:44:25,2258.9,2029.4
28/Oct/2018 06:14:27,2258.8,2028.6
28/Oct/2018 06:44:29,2258.6,2027.8
28/Oct/2018 07:14:32,2258.5,2027.1
28/Oct/2018 07:44:34,2258.3,2026.4
28/Oct/2018 08:14:36,2258.2,2025.7
28/Oct/2018 08:44:38,2258.0,2024.8
28/Oct/2018 09:14:40,2257.9,2024.3
28/Oct/2018 09:44:43,2257.7,2023.4
28/Oct/2018 10:14:45,2257.6,2022.9
28/Oct/2018 10:44:47,2257.4,2022.2
28/Oct/2018 11:14:49,2257.2,2021.4
28/Oct/2018 11:44:52,2257.1,2020.8
28/Oct/2018 12:14:54,2256.9,2019.8
28/Oct/2018 12:44:56,2256.7,2019.3
28/Oct/2018 13:14:58,2256.5,2018.6
28/Oct/2018 13:45:00,2256.3,2017.8
28/Oct/2018 14:15:02,2256.2,2017.0
28/Oct/2018 14:45:05,2256.0,2016.0
28/Oct/2018 15:15:07,2255.8,2015.4
28/Oct/2018 15:45:09,2255.6,2014.6
28/Oct/2018 16:15:11,2255.4,2013.9
28/Oct/2018 16:45:14,2255.2,2013.1
28/Oct/2018 17:15:16,2255.0,2012.4
28/Oct/2018 17:45:18,2254.8,2011.4
28/Oct/2018 18:15:20,2254.6,2010.8
28/Oct/2018 18:45:22,2254.4,2010.1
28/Oct/2018 19:15:25,2254.3,2009.4
28/Oct/2018 19:45:27,2254.1,2008.7
28/Oct/2018 20:15:29,2253.9,2007.9
28/Oct/2018 20:45:31,2253.8,2007.3
28/Oct/2018 21:15:33,2253.6,2006.6
28/Oct/2018 21:45:36,2253.4,2005.7
28/Oct/2018 22:13:52,2253.1,2004.4
28/Oct/2018 22:43:54,2253.1,2004.3
28/Oct/2018 23:13:57,2252.9,2003.7
28/Oct/2018 23:43:59,2252.8,2003.2
29/Oct/2018 00:14:01,2252.6,2002.4
29/Oct/2018 00:44:03,2252.5,2001.5
29/Oct/2018 01:14:05,2252.4,2001.0
29/Oct/2018 01:44:08,2252.2,2000.2
29/Oct/2018 02:14:10,2252.1,1999.5
29/Oct/2018 02:44:12,2251.9,1998.8
29/Oct/2018 03:14:14,2251.7,1998.0
29/Oct/2018 03:44:16,2251.6,1997.3
29/Oct/2018 04:14:19,2251.5,1996.8
29/Oct/2018 04:44:21,2251.3,1996.2
29/Oct/2018 05:14:23,2251.2,1995.3
29/Oct/2018 05:44:25,2251.0,1994.6
29/Oct/2018 06:14:27,2250.9,1994.0
29/Oct/2018 06:44:30,2250.7,1993.2
29/Oct/2018 07:14:32,2250.6,1992.8
29/Oct/2018 07:44:34,2250.4,1992.1
29/Oct/2018 08:14:36,2250.3,1991.2
29/Oct/2018 08:44:39,2250.1,1990.7
29/Oct/2018 09:14:41,2249.9,1990.0
29/Oct/2018 09:44:43,2249.8,1989.3
29/Oct/2018 10:14:45,2249.6,1988.3
29/Oct/2018 10:44:47,2249.5,1987.8
29/Oct/2018 11:14:49,2249.3,1987.2
29/Oct/2018 11:44:52,2249.2,1986.5
29/Oct/2018 12:14:54,2249.0,1985.7
29/Oct/2018 12:44:56,2248.9,1985.2
29/Oct/2018 13:14:58,2248.8,1984.3
29/Oct/2018 13:45:01,2248.6,1983.4
29/Oct/2018 14:15:03,2248.4,1982.5
29/Oct/2018 14:45:05,2248.3,1982.3
29/Oct/2018 15:15:07,2248.1,1981.7
29/Oct/2018 15:45:09,2248.0,1980.9
29/Oct/2018 16:15:11,2247.8,1980.0
29/Oct/2018 16:45:14,2247.6,1979.2
29/Oct/2018 17:15:16,2247.5,1978.6
29/Oct/2018 17:45:18,2247.4,1977.6
29/Oct/2018 18:15:20,2247.3,1977.1
29/Oct/2018 18:45:23,2247.1,1976.4
29/Oct/2018 19:15:25,2247.0,1975.9
29/Oct/2018 19:45:27,2246.9,1975.2
29/Oct/2018 20:15:29,2246.7,1974.4
29/Oct/2018 20:45:31,2246.6,1973.8
29/Oct/2018 21:15:34,2246.5,1973.1
29/Oct/2018 21:45:36,2246.4,1972.5
29/Oct/2018 22:13:52,2246.1,1971.3
29/Oct/2018 22:43:55,2246.1,1971.3
29/Oct/2018 23:13:57,2246.0,1970.3
29/Oct/2018 23:43:59,2245.8,1969.7
30/Oct/2018 00:14:01,2245.7,1969.1
30/Oct/2018 00:44:04,2245.5,1968.3
30/Oct/2018 01:14:06,2245.4,1967.8
30/Oct/2018 01:44:08,2245.3,1967.2
30/Oct/2018 02:14:10,2245.1,1966.5
30/Oct/2018 02:44:12,2245.0,1965.8
30/Oct/2018 03:14:15,2244.9,1965.0
30/Oct/2018 03:44:17,2244.8,1964.3
30/Oct/2018 04:14:19,2244.6,1963.5
30/Oct/2018 04:44:21,2244.5,1963.0
30/Oct/2018 05:14:23,2244.3,1962.6
30/Oct/2018 05:44:26,2244.2,1961.8
30/Oct/2018 06:14:28,2244.0,1960.7
30/Oct/2018 06:44:30,2243.9,1960.3
30/Oct/2018 07:14:32,2243.8,1959.5
30/Oct/2018 07:44:34,2243.6,1959.1
30/Oct/2018 08:14:37,2243.4,1958.2
30/Oct/2018 08:44:39,2243.2,1957.7
30/Oct/2018 09:14:41,2243.1,1956.8
30/Oct/2018 09:44:43,2242.9,1956.3
30/Oct/2018 10:14:45,2242.6,1955.5
30/Oct/2018 10:44:48,2242.4,1954.5
30/Oct/2018 11:14:50,2242.3,1953.8
30/Oct/2018 11:44:52,2242.0,1952.7
30/Oct/2018 12:14:54,2241.8,1952.0
30/Oct/2018 12:44:56,2241.7,1951.4
30/Oct/2018 13:14:59,2241.5,1950.4
30/Oct/2018 13:45:01,2241.3,1950.1
30/Oct/2018 14:15:03,2241.0,1949.6
30/Oct/2018 14:45:05,2240.8,1948.3
30/Oct/2018 15:15:07,2240.6,1947.4
30/Oct/2018 15:45:10,2240.4,1946.5
30/Oct/2018 16:15:12,2240.2,1945.7
30/Oct/2018 16:45:14,2240.0,1945.5
30/Oct/2018 17:15:16,2239.8,1944.8
30/Oct/2018 17:45:18,2239.6,1943.8
30/Oct/2018 18:15:21,2239.4,1942.9
30/Oct/2018 18:45:23,2239.2,1941.8
30/Oct/2018 19:15:25,2239.0,1941.2
30/Oct/2018 19:45:27,2238.8,1941.0
30/Oct/2018 20:15:29,2238.6,1940.0
30/Oct/2018 20:45:31,2238.4,1939.4
30/Oct/2018 21:15:34,2238.2,1938.6
30/Oct/2018 21:45:36,2238.0,1938.0
30/Oct/2018 22:13:52,2237.6,1935.9
30/Oct/2018 22:43:55,2237.6,1936.0
30/Oct/2018 23:13:57,2237.4,1935.6
30/Oct/2018 23:43:59,2237.2,1934.8
31/Oct/2018 00:14:01,2237.0,1934.3
31/Oct/2018 00:44:04,2236.9,1933.2
31/Oct/2018 01:14:06,2236.6,1932.8
31/Oct/2018 01:44:08,2236.5,1931.5
31/Oct/2018 02:14:10,2236.3,1931.1
31/Oct/2018 02:44:12,2236.1,1930.0
31/Oct/2018 03:14:15,2235.9,1929.8
31/Oct/2018 03:44:17,2235.8,1928.9
31/Oct/2018 04:14:19,2235.6,1928.3
31/Oct/2018 04:44:21,2235.4,1927.7
31/Oct/2018 05:14:23,2235.2,1927.1
31/Oct/2018 05:44:26,2235.0,1925.9
31/Oct/2018 06:14:28,2234.9,1925.5
31/Oct/2018 06:44:30,2234.7,1924.6
31/Oct/2018 07:14:32,2234.5,1923.9
31/Oct/2018 07:44:34,2234.4,1923.7
31/Oct/2018 08:14:36,2234.2,1922.6
31/Oct/2018 08:44:39,2234.0,1922.1
31/Oct/2018 09:14:41,2233.8,1921.6
31/Oct/2018 09:44:43,2233.6,1920.9
31/Oct/2018 10:14:45,2233.4,1919.9
31/Oct/2018 10:44:47,2233.2,1919.5
31/Oct/2018 11:14:50,2233.0,1918.8
31/Oct/2018 11:44:52,2232.7,1917.8
31/Oct/2018 12:14:54,2232.5,1917.4
31/Oct/2018 12:44:56,2232.3,1916.8
31/Oct/2018 13:14:58,2232.1,1916.0
31/Oct/2018 13:45:01,2231.9,1915.5
31/Oct/2018 14:15:03,2231.7,1914.9
31/Oct/2018 14:45:05,2231.5,1914.1
31/Oct/2018 15:15:07,2231.2,1913.4
31/Oct/2018 15:45:09,2231.0,1912.8
31/Oct/2018 16:15:12,2230.9,1912.2
31/Oct/2018 16:45:14,2230.6,1911.5
31/Oct/2018 17:15:16,2230.4,1911.1
31/Oct/2018 17:45:18,2230.3,1909.9
31/Oct/2018 18:15:20,2230.2,1909.8
31/Oct/2018 18:45:22,2230.0,1908.8
31/Oct/2018 19:15:25,2229.9,1908.2
31/Oct/2018 19:45:27,2229.7,1907.7
31/Oct/2018 20:15:29,2229.6,1906.8
31/Oct/2018 20:45:31,2229.5,1906.3
31/Oct/2018 21:15:33,2229.3,1905.9
31/Oct/2018 21:45:36,2229.2,1905.2
31/Oct/2018 22:13:54,2229.0,1904.4
31/Oct/2018 22:43:57,2229.0,1904.3
31/Oct/2018 23:13:59,2228.8,1903.0
31/Oct/2018 23:44:01,2228.7,1902.9
01/Nov/2018 00:14:03,2228.6,1902.1
01/Nov/2018 00:44:05,2228.4,1901.5
01/Nov/2018 01:14:08,2228.3,1900.9
01/Nov/2018 01:44:10,2228.1,1899.9
01/Nov/2018 02:14:12,2228.0,1899.5
01/Nov/2018 02:44:14,2227.9,1899.2
01/Nov/2018 03:14:16,2227.8,1898.6
01/Nov/2018 03:44:19,2227.6,1897.7
01/Nov/2018 04:14:21,2227.5,1897.5
01/Nov/2018 04:44:23,2227.4,1897.0
01/Nov/2018 05:14:25,2227.2,1896.0
01/Nov/2018 05:44:28,2227.1,1895.3
01/Nov/2018 06:14:30,2227.0,1895.3
01/Nov/2018 06:44:32,2226.9,1894.3
01/Nov/2018 07:14:34,2226.7,1893.5
01/Nov/2018 07:44:36,2226.6,1893.3
01/Nov/2018 08:14:39,2226.5,1892.8
01/Nov/2018 08:44:41,2226.4,1892.1
01/Nov/2018 09:14:43,2226.2,1891.5
01/Nov/2018 09:44:45,2226.1,1890.8
01/Nov/2018 10:14:47,2225.9,1890.4
01/Nov/2018 10:44:50,2225.8,1890.0
01/Nov/2018 11:14:52,2225.5,1889.0
01/Nov/2018 11:44:54,2225.3,1888.6
01/Nov/2018 12:14:56,2225.1,1888.0
01/Nov/2018 12:44:59,2224.8,1887.4
01/Nov/2018 13:15:01,2224.6,1886.7
01/Nov/2018 13:45:03,2224.4,1886.2
01/Nov/2018 14:15:05,2224.2,1885.5
01/Nov/2018 14:45:07,2223.9,1884.7
01/Nov/2018 15:15:10,2223.7,1884.2
01/Nov/2018 15:45:12,2223.5,1883.2
01/Nov/2018 16:15:14,2223.4,1882.2
01/Nov/2018 16:45:16,2223.2,1882.4
01/Nov/2018 17:15:19,2223.0,1881.6
01/Nov/2018 17:45:21,2222.8,1880.7
01/Nov/2018 18:15:23,2222.7,1879.9
01/Nov/2018 18:45:25,2222.5,1879.8
01/Nov/2018 19:15:27,2222.4,1878.8
01/Nov/2018 19:45:30,2222.2,1878.5
01/Nov/2018 20:15:32,2222.1,1878.1
01/Nov/2018 20:45:34,2221.9,1877.3
01/Nov/2018 21:15:36,2221.8,1876.7
01/Nov/2018 21:45:39,2221.6,1876.1
01/Nov/2018 22:13:54,2221.4,1875.1
01/Nov/2018 22:43:56,2221.4,1875.2
01/Nov/2018 23:13:59,2221.2,1874.1
01/Nov/2018 23:44:01,2221.1,1873.7
02/Nov/2018 00:14:03,2220.9,1873.1
02/Nov/2018 00:44:05,2220.8,1872.4
02/Nov/2018 01:14:08,2220.6,1872.0
02/Nov/2018 01:44:10,2220.5,1871.3
02/Nov/2018 02:14:12,2220.3,1870.5
02/Nov/2018 02:44:14,2220.2,1870.0
02/Nov/2018 03:14:16,2220.1,1869.3
02/Nov/2018 03:44:19,2219.9,1869.0
02/Nov/2018 04:14:21,2219.8,1868.3
02/Nov/2018 04:44:23,2219.7,1867.7
02/Nov/2018 05:14:25,2219.5,1867.3
02/Nov/2018 05:44:28,2219.4,1866.5
02/Nov/2018 06:14:30,2219.3,1866.2
02/Nov/2018 06:44:32,2219.1,1865.4
02/Nov/2018 07:14:34,2219.0,1864.9
02/Nov/2018 07:44:36,2218.9,1864.3
02/Nov/2018 08:14:39,2218.7,1863.7
02/Nov/2018 08:44:41,2218.6,1863.2
02/Nov/2018 09:14:43,2218.4,1862.6
02/Nov/2018 09:44:47,2218.3,1861.9
02/Nov/2018 10:14:49,2218.1,1861.1
02/Nov/2018 10:44:51,2217.8,1860.9
02/Nov/2018 11:14:53,2217.6,1860.2
02/Nov/2018 11:44:55,2217.3,1859.7
02/Nov/2018 12:14:58,2217.1,1859.0
02/Nov/2018 12:45:00,2216.9,1858.4
02/Nov/2018 13:15:02,2216.7,1857.6
02/Nov/2018 13:45:04,2216.5,1857.1
02/Nov/2018 14:15:06,2216.2,1856.3
02/Nov/2018 14:45:09,2216.0,1855.5
02/Nov/2018 15:15:11,2215.8,1855.0
02/Nov/2018 15:45:13,2215.6,1854.1
02/Nov/2018 16:15:15,2215.5,1853.6
02/Nov/2018 16:45:17,2215.3,1853.1
02/Nov/2018 17:15:20,2215.1,1852.6
02/Nov/2018 17:45:22,2214.9,1852.0
02/Nov/2018 18:15:24,2214.8,1851.2
02/Nov/2018 18:45:26,2214.6,1850.5
02/Nov/2018 19:15:29,2214.5,1850.2
02/Nov/2018 19:45:31,2214.4,1849.4
02/Nov/2018 20:15:33,2214.2,1849.0
02/Nov/2018 20:45:35,2214.1,1848.4
02/Nov/2018 21:15:37,2213.9,1847.7
02/Nov/2018 21:45:40,2213.8,1847.2
02/Nov/2018 22:13:52,2213.6,1846.0
02/Nov/2018 22:43:54,2213.6,1846.0
02/Nov/2018 23:13:56,2213.4,1845.5
02/Nov/2018 23:43:59,2213.3,1845.1
03/Nov/2018 00:14:01,2213.2,1844.5
03/Nov/2018 00:44:03,2213.0,1843.7
03/Nov/2018 01:14:05,2212.9,1843.0
03/Nov/2018 01:44:07,2212.7,1842.5
03/Nov/2018 02:14:10,2212.6,1842.1
03/Nov/2018 02:44:12,2212.5,1841.6
03/Nov/2018 03:14:14,2212.3,1840.8
03/Nov/2018 03:44:16,2212.2,1840.5
03/Nov/2018 04:14:18,2212.1,1839.8
03/Nov/2018 04:44:21,2212.0,1839.3
03/Nov/2018 05:14:23,2211.8,1838.5
03/Nov/2018 05:44:25,2211.7,1837.9
03/Nov/2018 06:14:27,2211.6,1837.2
03/Nov/2018 06:44:29,2211.4,1837.1
03/Nov/2018 07:14:32,2211.3,1836.3
03/Nov/2018 07:44:34,2211.2,1835.5
03/Nov/2018 08:14:36,2211.0,1835.0
03/Nov/2018 08:44:38,2210.8,1834.5
03/Nov/2018 09:14:40,2210.7,1833.9
03/Nov/2018 09:44:43,2210.5,1833.0
03/Nov/2018 10:14:45,2210.3,1832.6
03/Nov/2018 10:44:47,2210.2,1832.1
03/Nov/2018 11:14:49,2210.0,1831.2
03/Nov/2018 11:44:52,2209.9,1830.7
03/Nov/2018 12:14:54,2209.7,1830.1
03/Nov/2018 12:44:56,2209.5,1829.4
03/Nov/2018 13:14:58,2209.4,1828.8
03/Nov/2018 13:45:00,2209.2,1828.2
03/Nov/2018 14:15:03,2209.1,1827.4
03/Nov/2018 14:45:05,2208.9,1826.7
03/Nov/2018 15:15:07,2208.7,1826.5
03/Nov/2018 15:45:09,2208.6,1825.7
03/Nov/2018 16:15:12,2208.4,1825.1
03/Nov/2018 16:45:14,2208.3,1824.7
03/Nov/2018 17:15:16,2208.1,1823.8
03/Nov/2018 17:45:18,2208.0,1823.6
03/Nov/2018 18:15:20,2207.8,1822.9
03/Nov/2018 18:45:23,2207.7,1822.2
03/Nov/2018 19:15:25,2207.6,1821.5
03/Nov/2018 19:45:27,2207.4,1820.9
03/Nov/2018 20:15:29,2207.3,1820.6
03/Nov/2018 20:45:31,2207.1,1819.9
03/Nov/2018 21:15:34,2207.0,1819.4
03/Nov/2018 21:45:36,2206.8,1818.9
03/Nov/2018 22:13:44,2206.6,1818.1
03/Nov/2018 22:43:54,2206.6,1818.1
03/Nov/2018 23:13:57,2206.5,1817.4
03/Nov/2018 23:43:59,2206.3,1816.5
04/Nov/2018 00:14:01,2206.2,1816.2
04/Nov/2018 00:44:03,2206.0,1815.7
04/Nov/2018 01:14:05,2205.9,1815.1
04/Nov/2018 01:44:08,2205.8,1814.4
04/Nov/2018 02:14:10,2205.6,1813.8
04/Nov/2018 02:44:12,2205.5,1813.4
04/Nov/2018 03:14:14,2205.4,1812.8
04/Nov/2018 03:44:16,2205.3,1812.2
04/Nov/2018 04:14:18,2205.1,1811.7
04/Nov/2018 04:44:21,2205.0,1811.4
04/Nov/2018 05:14:23,2204.9,1810.6
04/Nov/2018 05:44:25,2204.7,1810.0
04/Nov/2018 06:14:27,2204.6,1809.4
04/Nov/2018 06:44:29,2204.5,1808.9
04/Nov/2018 07:14:32,2204.4,1808.4
04/Nov/2018 07:44:34,2204.3,1807.9
04/Nov/2018 08:14:36,2204.1,1807.3
04/Nov/2018 08:44:38,2204.0,1807.0
04/Nov/2018 09:14:41,2203.9,1806.4
04/Nov/2018 09:44:43,2203.7,1805.6
04/Nov/2018 10:14:45,2203.6,1805.3
04/Nov/2018 10:44:47,2203.4,1804.6
04/Nov/2018 11:14:49,2203.2,1803.8
04/Nov/2018 11:44:52,2203.1,1803.1
04/Nov/2018 12:14:54,2202.9,1802.8
04/Nov/2018 12:44:56,2202.8,1802.0
04/Nov/2018 13:14:58,2202.6,1801.6
04/Nov/2018 13:45:00,2202.4,1800.9
04/Nov/2018 14:15:03,2202.3,1800.2
04/Nov/2018 14:45:05,2202.1,1799.6
04/Nov/2018 15:15:07,2202.0,1798.9
04/Nov/2018 15:45:09,2201.8,1798.5
04/Nov/2018 16:15:11,2201.6,1797.5
04/Nov/2018 16:45:14,2201.5,1797.3
04/Nov/2018 17:15:16,2201.3,1796.4
04/Nov/2018 17:45:18,2201.2,1795.7
04/Nov/2018 18:15:20,2201.0,1795.2
04/Nov/2018 18:45:22,2200.9,1794.7
04/Nov/2018 19:15:25,2200.7,1794.2
04/Nov/2018 19:45:27,2200.6,1793.5
04/Nov/2018 20:15:29,2200.4,1793.0
04/Nov/2018 20:45:31,2200.3,1792.3
04/Nov/2018 21:15:34,2200.1,1792.0
04/Nov/2018 21:45:36,2200.0,1791.2
04/Nov/2018 22:13:52,2199.7,1790.4
04/Nov/2018 22:43:55,2199.7,1790.4
04/Nov/2018 23:13:57,2199.5,1789.6
04/Nov/2018 23:43:59,2199.4,1789.1
05/Nov/2018 00:14:01,2199.2,1788.5
05/Nov/2018 00:44:03,2199.1,1788.2
05/Nov/2018 01:14:05,2198.9,1787.3
05/Nov/2018 01:44:08,2198.8,1786.7
05/Nov/2018 02:14:10,2198.6,1786.3
05/Nov/2018 02:44:12,2198.5,1785.8
05/Nov/2018 03:14:14,2198.3,1785.2
05/Nov/2018 03:44:17,2198.2,1784.5
05/Nov/2018 04:14:19,2198.1,1783.8
05/Nov/2018 04:44:21,2197.9,1783.4
05/Nov/2018 05:14:23,2197.8,1782.7
05/Nov/2018 05:44:25,2197.7,1782.4
05/Nov/2018 06:14:28,2197.5,1781.5
05/Nov/2018 06:44:30,2197.4,1781.2
05/Nov/2018 07:14:32,2197.2,1780.7
05/Nov/2018 07:44:34,2197.1,1780.0
05/Nov/2018 08:14:36,2196.9,1779.7
05/Nov/2018 08:44:39,2196.7,1779.1
05/Nov/2018 09:14:41,2196.5,1778.5
05/Nov/2018 09:44:43,2196.3,1777.9
05/Nov/2018 10:14:45,2196.1,1777.4
05/Nov/2018 10:44:47,2195.9,1776.8
05/Nov/2018 11:14:50,2195.7,1776.0
05/Nov/2018 11:44:52,2195.5,1775.6
05/Nov/2018 12:14:54,2195.3,1775.0
05/Nov/2018 12:44:56,2195.1,1774.4
05/Nov/2018 13:14:58,2194.8,1773.9
05/Nov/2018 13:45:01,2194.6,1773.1
05/Nov/2018 14:15:03,2194.4,1772.3
05/Nov/2018 14:45:05,2194.2,1771.7
05/Nov/2018 15:15:07,2193.9,1771.3
05/Nov/2018 15:45:10,2193.7,1770.4
05/Nov/2018 16:15:12,2193.5,1769.9
05/Nov/2018 16:45:14,2193.3,1769.4
05/Nov/2018 17:15:16,2193.1,1768.8
05/Nov/2018 17:45:18,2192.9,1767.9
05/Nov/2018 18:15:21,2192.8,1767.5
05/Nov/2018 18:45:23,2192.6,1766.7
05/Nov/2018 19:15:25,2192.5,1765.9
05/Nov/2018 19:45:27,2192.4,1765.4
05/Nov/2018 20:15:29,2192.2,1764.8
05/Nov/2018 20:45:32,2192.1,1764.2
05/Nov/2018 21:15:34,2191.9,1763.7
05/Nov/2018 21:45:36,2191.7,1763.3
05/Nov/2018 22:13:52,2191.5,1762.0
05/Nov/2018 22:43:55,2191.5,1762.0
05/Nov/2018 23:13:57,2191.3,1761.2
05/Nov/2018 23:43:59,2191.1,1760.8
06/Nov/2018 00:14:01,2191.0,1760.3
06/Nov/2018 00:44:03,2190.8,1759.6
06/Nov/2018 01:14:06,2190.7,1759.1
06/Nov/2018 01:44:08,2190.5,1758.6
06/Nov/2018 02:14:10,2190.4,1757.9
06/Nov/2018 02:44:12,2190.2,1757.2
06/Nov/2018 03:14:14,2190.0,1756.9
06/Nov/2018 03:44:17,2189.9,1756.2
06/Nov/2018 04:14:19,2189.8,1755.5
06/Nov/2018 04:44:21,2189.6,1755.0
06/Nov/2018 05:14:23,2189.4,1754.4
06/Nov/2018 05:44:25,2189.3,1753.8
06/Nov/2018 06:14:28,2189.1,1753.1
06/Nov/2018 06:44:30,2189.0,1752.7
06/Nov/2018 07:14:32,2188.8,1752.5
06/Nov/2018 07:44:34,2188.7,1751.3
06/Nov/2018 08:14:36,2188.6,1751.2
06/Nov/2018 08:44:39,2188.4,1750.6
06/Nov/2018 09:14:41,2188.2,1750.1
06/Nov/2018 09:44:43,2188.0,1749.6
06/Nov/2018 10:14:45,2187.7,1749.0
06/Nov/2018 10:44:47,2187.5,1748.3
06/Nov/2018 11:14:50,2187.3,1747.5
06/Nov/2018 11:44:52,2187.1,1747.0
06/Nov/2018 12:14:54,2186.8,1746.2
06/Nov/2018 12:44:56,2186.6,1745.7
06/Nov/2018 13:15:28,2186.4,1744.9
06/Nov/2018 13:45:31,2186.2,1744.4
06/Nov/2018 14:15:33,2186.0,1743.5
06/Nov/2018 14:45:35,2185.7,1743.0
06/Nov/2018 15:15:37,2185.5,1742.4
06/Nov/2018 15:45:40,2185.3,1741.8
06/Nov/2018 16:15:43,2185.0,1741.1
06/Nov/2018 16:45:45,2184.8,1740.4
06/Nov/2018 17:15:47,2184.6,1739.9
06/Nov/2018 17:45:49,2184.4,1738.5
06/Nov/2018 18:15:52,2184.3,1738.3
06/Nov/2018 18:45:54,2184.1,1737.9
06/Nov/2018 19:15:56,2183.9,1736.8
06/Nov/2018 19:45:58,2183.7,1736.5
06/Nov/2018 20:16:00,2183.6,1735.9
06/Nov/2018 20:46:03,2183.4,1735.5
06/Nov/2018 21:16:05,2183.3,1734.8
06/Nov/2018 21:46:07,2183.1,1733.9
06/Nov/2018 22:13:54,2182.7,1732.9
06/Nov/2018 22:43:57,2182.7,1732.9
06/Nov/2018 23:13:59,2182.6,1732.6
06/Nov/2018 23:44:01,2182.4,1731.8
07/Nov/2018 00:14:03,2182.2,1731.2
07/Nov/2018 00:44:06,2182.1,1730.6
07/Nov/2018 01:14:08,2181.9,1729.9
07/Nov/2018 01:44:10,2181.7,1729.5
07/Nov/2018 02:14:12,2181.6,1728.8
07/Nov/2018 02:44:14,2181.4,1728.1
07/Nov/2018 03:14:17,2181.2,1727.4
07/Nov/2018 03:44:19,2181.1,1727.0
07/Nov/2018 04:14:21,2180.9,1726.6
07/Nov/2018 04:44:55,2180.7,1725.8
07/Nov/2018 05:14:57,2180.6,1725.5
07/Nov/2018 05:45:00,2180.4,1724.6
07/Nov/2018 06:15:02,2180.3,1724.0
07/Nov/2018 06:45:04,2180.1,1723.6
07/Nov/2018 07:15:06,2179.9,1722.9
07/Nov/2018 07:45:08,2179.8,1722.6
07/Nov/2018 08:15:10,2179.6,1721.9
07/Nov/2018 08:45:13,2179.3,1721.3
07/Nov/2018 09:15:15,2179.1,1720.7
07/Nov/2018 09:45:17,2178.9,1719.9
07/Nov/2018 10:15:19,2178.6,1719.3
07/Nov/2018 10:45:21,2178.4,1718.7
07/Nov/2018 11:15:24,2178.2,1717.8
07/Nov/2018 11:45:26,2177.9,1717.4
07/Nov/2018 12:15:28,2177.7,1716.9
07/Nov/2018 12:45:30,2177.5,1716.2
07/Nov/2018 13:15:32,2177.3,1714.7
07/Nov/2018 13:45:35,2177.0,1714.7
07/Nov/2018 14:15:37,2176.8,1714.0
07/Nov/2018 14:45:39,2176.7,1713.2
07/Nov/2018 15:15:41,2176.5,1712.7
07/Nov/2018 15:45:43,2176.2,1712.2
07/Nov/2018 16:15:46,2176.1,1711.4
07/Nov/2018 16:45:48,2175.8,1710.8
07/Nov/2018 17:15:50,2175.6,1710.2
07/Nov/2018 17:45:52,2175.4,1709.3
07/Nov/2018 18:15:54,2175.3,1708.8
07/Nov/2018 18:45:56,2175.1,1707.9
07/Nov/2018 19:15:59,2174.9,1707.4
07/Nov/2018 19:46:01,2174.8,1706.7
07/Nov/2018 20:16:03,2174.6,1706.2
07/Nov/2018 20:46:05,2174.4,1705.7
07/Nov/2018 21:16:07,2174.2,1705.2
07/Nov/2018 21:46:10,2174.1,1704.5
07/Nov/2018 22:13:52,2173.7,1703.2
07/Nov/2018 22:43:54,2173.7,1703.1
07/Nov/2018 23:13:56,2173.6,1702.7
07/Nov/2018 23:43:59,2173.4,1701.9
08/Nov/2018 00:14:01,2173.2,1701.6
08/Nov/2018 00:44:03,2173.0,1700.8
08/Nov/2018 01:14:05,2172.8,1700.1
08/Nov/2018 01:44:07,2172.7,1699.6
08/Nov/2018 02:14:10,2172.5,1699.2
08/Nov/2018 02:44:12,2172.3,1698.7
08/Nov/2018 03:14:14,2172.2,1698.0
08/Nov/2018 03:44:16,2172.0,1697.3
08/Nov/2018 04:14:18,2171.8,1696.8
08/Nov/2018 04:44:53,2171.6,1696.1
08/Nov/2018 05:14:55,2171.5,1695.5
08/Nov/2018 05:44:57,2171.3,1694.9
08/Nov/2018 06:15:00,2171.1,1694.3
08/Nov/2018 06:45:02,2170.9,1693.6
08/Nov/2018 07:15:04,2170.8,1693.2
08/Nov/2018 07:45:06,2170.6,1692.5
08/Nov/2018 08:15:08,2170.4,1691.8
08/Nov/2018 08:45:11,2170.2,1691.3
08/Nov/2018 09:15:13,2170.0,1690.8
08/Nov/2018 09:45:15,2169.7,1690.2
08/Nov/2018 10:15:17,2169.6,1689.3
08/Nov/2018 10:45:19,2169.4,1688.6
08/Nov/2018 11:15:22,2169.3,1688.1
08/Nov/2018 11:45:24,2169.1,1687.5
08/Nov/2018 12:15:26,2168.9,1686.5
08/Nov/2018 12:45:28,2168.6,1686.2
08/Nov/2018 13:15:30,2168.4,1685.3
08/Nov/2018 13:45:33,2168.2,1684.7
08/Nov/2018 14:15:35,2168.0,1683.5
08/Nov/2018 14:45:37,2167.7,1682.9
08/Nov/2018 15:15:39,2167.5,1682.0
08/Nov/2018 15:45:42,2167.2,1681.4
08/Nov/2018 16:15:44,2167.0,1680.5
08/Nov/2018 16:45:46,2166.7,1680.0
08/Nov/2018 17:15:48,2166.4,1679.1
08/Nov/2018 17:45:50,2166.2,1677.8
08/Nov/2018 18:15:53,2166.0,1677.4
08/Nov/2018 18:45:55,2165.8,1676.6
08/Nov/2018 19:15:57,2165.6,1676.0
08/Nov/2018 19:45:59,2165.4,1675.4
08/Nov/2018 20:16:01,2165.2,1674.5
08/Nov/2018 20:46:04,2165.0,1673.5
08/Nov/2018 21:16:06,2164.8,1672.8
08/Nov/2018 21:46:08,2164.5,1671.9
08/Nov/2018 22:13:52,2164.1,1670.6
08/Nov/2018 22:43:54,2164.1,1670.7
08/Nov/2018 23:13:56,2163.9,1670.0
08/Nov/2018 23:43:58,2163.7,1669.2
09/Nov/2018 00:14:01,2163.5,1668.3
09/Nov/2018 00:44:03,2163.3,1667.5
09/Nov/2018 01:14:05,2163.1,1666.7
09/Nov/2018 01:44:07,2162.8,1666.1
09/Nov/2018 02:14:09,2162.6,1665.3
09/Nov/2018 02:44:12,2162.4,1664.6
09/Nov/2018 03:14:14,2162.2,1663.8
09/Nov/2018 03:44:16,2162.1,1662.9
09/Nov/2018 04:14:18,2161.9,1662.2
09/Nov/2018 04:44:20,2161.6,1661.3
09/Nov/2018 05:14:23,2161.4,1660.7
09/Nov/2018 05:44:25,2161.2,1660.0
09/Nov/2018 06:14:27,2161.0,1659.0
09/Nov/2018 06:44:29,2160.8,1658.6
09/Nov/2018 07:14:32,2160.6,1657.2
09/Nov/2018 07:44:34,2160.4,1649.1
09/Nov/2018 08:14:36,2160.2,1648.7
09/Nov/2018 08:44:38,2160.0,1647.8
09/Nov/2018 09:14:40,2159.7,1647.2
09/Nov/2018 09:44:43,2159.4,1646.5
09/Nov/2018 10:14:45,2159.1,1646.1
09/Nov/2018 10:44:47,2158.9,1645.4
09/Nov/2018 11:14:49,2158.5,1644.0
09/Nov/2018 11:44:52,2158.3,1643.4
09/Nov/2018 12:14:54,2158.1,1642.4
09/Nov/2018 12:44:56,2157.9,1641.8
09/Nov/2018 13:14:59,2157.6,1641.3
09/Nov/2018 13:45:02,2157.3,1640.6
09/Nov/2018 14:15:04,2157.0,1639.6
09/Nov/2018 14:45:06,2156.7,1638.5
09/Nov/2018 15:15:08,2156.4,1638.2
09/Nov/2018 15:45:10,2156.1,1637.3
09/Nov/2018 16:15:13,2155.7,1636.6
09/Nov/2018 16:45:15,2155.4,1635.8
09/Nov/2018 17:15:18,2155.1,1635.1
09/Nov/2018 17:45:21,2154.9,1634.1
09/Nov/2018 18:15:23,2154.7,1633.3
09/Nov/2018 18:45:25,2154.4,1632.5
09/Nov/2018 19:15:28,2154.2,1631.6
09/Nov/2018 19:45:30,2154.0,1631.4
09/Nov/2018 20:15:32,2153.7,1630.5
09/Nov/2018 20:45:34,2153.4,1629.7
09/Nov/2018 21:15:36,2153.2,1629.2
09/Nov/2018 21:45:39,2153.0,1628.6
09/Nov/2018 22:13:55,2152.5,1626.9
09/Nov/2018 22:43:57,2152.5,1626.9
09/Nov/2018 23:13:59,2152.3,1626.2
09/Nov/2018 23:44:01,2152.1,1625.7
10/Nov/2018 00:14:04,2151.9,1624.9
10/Nov/2018 00:44:06,2151.7,1624.1
10/Nov/2018 01:14:08,2151.5,1623.6
10/Nov/2018 01:44:10,2151.3,1622.7
10/Nov/2018 02:14:13,2151.1,1622.1
10/Nov/2018 02:44:15,2150.9,1621.4
10/Nov/2018 03:14:17,2150.6,1620.6
10/Nov/2018 03:44:19,2150.4,1620.0
10/Nov/2018 04:14:21,2150.2,1619.3
10/Nov/2018 04:44:24,2150.0,1618.9
10/Nov/2018 05:14:26,2149.8,1618.0
10/Nov/2018 05:44:28,2149.6,1617.2
10/Nov/2018 06:14:30,2149.4,1616.6
10/Nov/2018 06:44:32,2149.2,1616.0
10/Nov/2018 07:14:35,2148.9,1615.5
10/Nov/2018 07:44:37,2148.7,1614.3
10/Nov/2018 08:14:39,2148.5,1614.1
10/Nov/2018 08:44:41,2148.3,1613.3
10/Nov/2018 09:14:43,2148.1,1612.5
10/Nov/2018 09:44:46,2147.9,1612.1
10/Nov/2018 10:14:48,2147.7,1611.3
10/Nov/2018 10:44:50,2147.5,1610.5
10/Nov/2018 11:14:52,2147.3,1610.0
10/Nov/2018 11:44:54,2147.1,1609.4
10/Nov/2018 12:14:57,2146.9,1608.7
10/Nov/2018 12:44:59,2146.7,1607.9
10/Nov/2018 13:15:01,2146.5,1607.6
10/Nov/2018 13:45:03,2146.4,1606.6
10/Nov/2018 14:15:06,2146.2,1606.2
10/Nov/2018 14:45:08,2146.0,1605.5
10/Nov/2018 15:15:10,2145.8,1604.9
10/Nov/2018 15:45:12,2145.7,1604.6
10/Nov/2018 16:15:14,2145.5,1603.9
10/Nov/2018 16:45:17,2145.4,1603.3
10/Nov/2018 17:15:19,2145.2,1602.7
10/Nov/2018 17:45:21,2145.0,1601.9
10/Nov/2018 18:15:23,2144.9,1601.5
10/Nov/2018 18:45:25,2144.7,1601.1
10/Nov/2018 19:15:28,2144.5,1600.3
10/Nov/2018 19:45:30,2144.4,1600.1
10/Nov/2018 20:15:32,2144.2,1599.4
10/Nov/2018 20:45:34,2144.0,1598.8
10/Nov/2018 21:15:37,2143.9,1598.0
10/Nov/2018 21:45:39,2143.7,1597.3
10/Nov/2018 22:13:54,2143.3,1596.8
10/Nov/2018 22:43:56,2143.4,1596.8
10/Nov/2018 23:13:58,2143.2,1596.0
10/Nov/2018 23:44:01,2143.0,1595.4
11/Nov/2018 00:14:03,2142.9,1594.8
11/Nov/2018 00:44:05,2142.7,1594.5
11/Nov/2018 01:14:07,2142.6,1594.0
11/Nov/2018 01:44:10,2142.4,1593.4
11/Nov/2018 02:14:12,2142.3,1592.6
11/Nov/2018 02:44:14,2142.1,1592.4
11/Nov/2018 03:14:16,2142.0,1591.7
11/Nov/2018 03:44:18,2141.8,1591.1
11/Nov/2018 04:14:21,2141.6,1590.7
11/Nov/2018 04:44:23,2141.5,1590.2
11/Nov/2018 05:14:25,2141.3,1589.3
11/Nov/2018 05:44:28,2141.1,1589.1
11/Nov/2018 06:14:30,2141.0,1588.5
11/Nov/2018 06:44:32,2140.8,1587.7
11/Nov/2018 07:14:34,2140.7,1587.1
11/Nov/2018 07:44:36,2140.5,1586.9
11/Nov/2018 08:14:39,2140.4,1586.3
11/Nov/2018 08:44:41,2140.2,1585.7
11/Nov/2018 09:14:43,2140.0,1585.2
11/Nov/2018 09:44:45,2139.9,1584.8
11/Nov/2018 10:14:48,2139.7,1584.0
11/Nov/2018 10:44:50,2139.6,1583.5
11/Nov/2018 11:14:52,2139.4,1583.1
11/Nov/2018 11:45:24,2139.2,1582.4
11/Nov/2018 12:15:27,2139.0,1582.0
11/Nov/2018 12:45:29,2138.9,1581.3
11/Nov/2018 13:15:31,2138.7,1580.8
11/Nov/2018 13:45:33,2138.5,1580.2
11/Nov/2018 14:15:35,2138.3,1579.4
11/Nov/2018 14:45:38,2138.1,1578.8
11/Nov/2018 15:15:40,2137.9,1578.2
11/Nov/2018 15:45:42,2137.7,1577.5
11/Nov/2018 16:15:44,2137.6,1577.1
11/Nov/2018 16:45:47,2137.4,1576.7
11/Nov/2018 17:15:49,2137.2,1576.0
11/Nov/2018 17:45:51,2137.0,1575.6
11/Nov/2018 18:15:53,2136.8,1575.1
11/Nov/2018 18:45:55,2136.7,1574.7
11/Nov/2018 19:15:58,2136.5,1574.1
11/Nov/2018 19:46:00,2136.4,1573.4
11/Nov/2018 20:16:02,2136.2,1573.0
11/Nov/2018 20:46:04,2136.0,1572.4
11/Nov/2018 21:16:06,2135.9,1571.6
11/Nov/2018 21:46:09,2135.7,1571.2
11/Nov/2018 22:13:55,2135.4,1570.5
11/Nov/2018 22:43:57,2135.4,1570.5
11/Nov/2018 23:13:59,2135.2,1569.8
11/Nov/2018 23:44:01,2135.1,1569.3
12/Nov/2018 00:14:03,2134.9,1568.7
12/Nov/2018 00:44:06,2134.8,1568.1
12/Nov/2018 01:14:08,2134.6,1567.9
12/Nov/2018 01:44:10,2134.5,1567.2
12/Nov/2018 02:14:12,2134.3,1566.7
12/Nov/2018 02:44:15,2134.2,1566.0
12/Nov/2018 03:14:17,2134.0,1565.6
12/Nov/2018 03:44:19,2133.8,1565.1
12/Nov/2018 04:14:21,2133.7,1564.6
12/Nov/2018 04:44:23,2133.5,1563.8
12/Nov/2018 05:14:26,2133.3,1563.7
12/Nov/2018 05:44:28,2133.2,1562.9
12/Nov/2018 06:14:30,2133.0,1562.5
12/Nov/2018 06:44:32,2132.9,1561.6
12/Nov/2018 07:14:34,2132.8,1561.4
12/Nov/2018 07:44:37,2132.6,1560.9
12/Nov/2018 08:14:39,2132.4,1560.3
12/Nov/2018 08:44:41,2132.2,1560.1
12/Nov/2018 09:14:43,2132.0,1559.1
12/Nov/2018 09:44:46,2131.8,1558.7
12/Nov/2018 10:14:48,2131.5,1558.4
12/Nov/2018 10:44:50,2131.3,1557.9
12/Nov/2018 11:14:52,2131.0,1556.8
12/Nov/2018 11:44:54,2130.7,1556.7
12/Nov/2018 12:14:57,2130.5,1555.9
12/Nov/2018 12:44:59,2130.3,1555.1
12/Nov/2018 13:15:01,2129.9,1554.8
12/Nov/2018 13:45:03,2129.6,1554.4
12/Nov/2018 14:15:05,2129.3,1553.5
12/Nov/2018 14:45:08,2129.1,1553.1
12/Nov/2018 15:15:10,2128.8,1552.3
12/Nov/2018 15:45:12,2128.6,1551.6
12/Nov/2018 16:15:14,2128.3,1551.3
12/Nov/2018 16:45:16,2128.1,1550.8
12/Nov/2018 17:15:19,2127.8,1550.4
12/Nov/2018 17:45:21,2127.6,1549.6
12/Nov/2018 18:15:23,2127.4,1549.0
12/Nov/2018 18:45:25,2127.2,1548.7
12/Nov/2018 19:15:28,2127.0,1548.1
12/Nov/2018 19:45:30,2126.9,1547.5
12/Nov/2018 20:15:32,2126.7,1547.0
12/Nov/2018 20:45:34,2126.5,1546.6
12/Nov/2018 21:15:36,2126.3,1546.2
12/Nov/2018 21:45:39,2126.1,1545.7
12/Nov/2018 22:13:52,2125.8,1544.6
12/Nov/2018 22:43:54,2125.8,1544.5
12/Nov/2018 23:13:56,2125.6,1544.1
12/Nov/2018 23:43:58,2125.5,1543.9
13/Nov/2018 00:14:01,2125.3,1543.5
13/Nov/2018 00:44:03,2125.1,1542.9
13/Nov/2018 01:14:05,2124.9,1542.4
13/Nov/2018 01:44:07,2124.7,1542.0
13/Nov/2018 02:14:09,2124.6,1541.4
13/Nov/2018 02:44:11,2124.4,1540.7
13/Nov/2018 03:14:14,2124.2,1540.1
13/Nov/2018 03:44:16,2124.0,1540.2
13/Nov/2018 04:14:18,2123.8,1539.6
13/Nov/2018 04:44:20,2123.6,1539.2
13/Nov/2018 05:14:22,2123.4,1538.7
13/Nov/2018 05:44:24,2123.2,1537.4
13/Nov/2018 06:14:27,2123.0,1537.0
13/Nov/2018 06:44:29,2122.8,1537.0
13/Nov/2018 07:14:31,2122.7,1536.4
13/Nov/2018 07:44:33,2122.5,1536.2
13/Nov/2018 08:14:35,2122.3,1535.9
13/Nov/2018 08:44:38,2122.1,1535.6
13/Nov/2018 09:14:40,2122.0,1535.2
13/Nov/2018 09:44:42,2121.9,1534.4
13/Nov/2018 10:14:44,2121.7,1534.4
13/Nov/2018 10:44:46,2121.5,1533.6
13/Nov/2018 11:14:49,2121.3,1533.6
13/Nov/2018 11:44:51,2121.1,1533.1
13/Nov/2018 12:14:53,2120.9,1532.8
13/Nov/2018 12:44:55,2120.7,1532.2
13/Nov/2018 13:14:57,2120.4,1532.0
13/Nov/2018 13:44:59,2120.2,1531.5
13/Nov/2018 14:15:02,2120.0,1531.2
13/Nov/2018 14:45:04,2119.8,1530.7
13/Nov/2018 15:15:06,2119.6,1530.3
13/Nov/2018 15:45:08,2119.4,1529.6
13/Nov/2018 16:15:11,2119.1,1529.3
13/Nov/2018 16:45:13,2118.9,1528.9
13/Nov/2018 17:15:15,2118.7,1528.6
13/Nov/2018 17:45:17,2118.4,1528.2
13/Nov/2018 18:15:19,2118.3,1527.4
13/Nov/2018 18:45:22,2118.2,1527.2
13/Nov/2018 19:15:24,2118.0,1526.7
13/Nov/2018 19:45:26,2117.8,1526.3
13/Nov/2018 20:15:28,2117.6,1525.9
13/Nov/2018 20:45:30,2117.5,1525.7
13/Nov/2018 21:15:33,2117.3,1525.4
13/Nov/2018 21:45:35,2117.1,1524.9
13/Nov/2018 22:13:46,2116.8,1524.4
13/Nov/2018 22:44:56,2116.8,1524.4
13/Nov/2018 23:14:59,2116.7,1523.9
13/Nov/2018 23:45:01,2116.5,1523.4
14/Nov/2018 00:15:03,2116.4,1523.0
14/Nov/2018 00:45:05,2116.2,1522.7
14/Nov/2018 01:15:08,2116.1,1522.5
14/Nov/2018 01:45:10,2115.9,1522.2
14/Nov/2018 02:15:12,2115.7,1521.7
14/Nov/2018 02:45:14,2115.6,1521.3
14/Nov/2018 03:15:16,2115.4,1520.9
14/Nov/2018 03:45:19,2115.3,1520.5
14/Nov/2018 04:15:21,2115.1,1520.0
14/Nov/2018 04:45:23,2114.9,1519.9
14/Nov/2018 05:15:25,2114.8,1519.6
14/Nov/2018 05:45:27,2114.7,1519.0
14/Nov/2018 06:15:30,2114.5,1518.4
14/Nov/2018 06:45:32,2114.4,1518.3
14/Nov/2018 07:15:34,2114.2,1517.9
14/Nov/2018 07:45:36,2114.1,1517.8
14/Nov/2018 08:15:39,2113.9,1517.7
14/Nov/2018 08:45:41,2113.7,1516.9
14/Nov/2018 09:15:43,2113.5,1516.8
14/Nov/2018 09:45:45,2113.3,1516.5
14/Nov/2018 10:15:47,2113.2,1516.2
14/Nov/2018 10:45:50,2112.9,1516.1
14/Nov/2018 11:15:52,2112.8,1515.8
14/Nov/2018 11:45:54,2112.5,1515.4
14/Nov/2018 12:15:56,2112.4,5.6
14/Nov/2018 12:45:58,2112.2,1524.3
14/Nov/2018 13:16:01,2112.0,1523.6
14/Nov/2018 13:46:03,2111.8,1523.0
14/Nov/2018 14:16:05,2111.6,1522.7
14/Nov/2018 14:46:07,2111.4,1522.3
